image_path,severity_label,has_damage_label,has_severity_label,scratch,dent,crack,shattered_glass,bumper_damage,panel_damage,headlight_damage,no_damage
/Users/dell/Documents/ClaimSight/ml/data/raw/car-damage-assessment/image/1001.jpeg,-1,1,0,0,0,0,0,0,0,0,1
/Users/dell/Documents/ClaimSight/ml/data/raw/car-damage-severity-dataset/data3a/validation/03-severe/download (23).jpeg,2,0,1,0,0,0,0,0,0,0,0
/Users/dell/Documents/ClaimSight/ml/data/raw/car-damage-severity-dataset/data3a/training/03-severe/download (15).jpeg,2,0,1,0,0,0,0,0,0,0,0
/Users/dell/Documents/ClaimSight/ml/data/raw/car-damage-assessment/image/526.jpeg,-1,1,0,0,0,0,0,0,0,0,1
/Users/dell/Documents/ClaimSight/ml/data/raw/car-damage-severity-dataset/data3a/training/02-moderate/0243.JPEG,1,0,1,0,0,0,0,0,0,0,0
/Users/dell/Documents/ClaimSight/ml/data/raw/car-damage-severity-dataset/data3a/training/01-minor/0234.JPEG,0,0,1,0,0,0,0,0,0,0,0
/Users/dell/Documents/ClaimSight/ml/data/raw/car-damage-assessment/image/710.jpeg,-1,1,0,0,0,0,0,0,0,0,1
/Users/dell/Documents/ClaimSight/ml/data/raw/car-damage-severity-dataset/data3a/training/03-severe/0196.JPEG,2,0,1,0,0,0,0,0,0,0,0
/Users/dell/Documents/ClaimSight/ml/data/raw/car-damage-assessment/image/1017.jpeg,-1,1,0,0,0,0,0,0,0,0,1
/Users/dell/Documents/ClaimSight/ml/data/raw/car-damage-severity-dataset/data3a/training/02-moderate/0268.JPEG,1,0,1,0,0,0,0,0,0,0,0
/Users/dell/Documents/ClaimSight/ml/data/raw/car-damage-assessment/image/602.jpeg,-1,1,0,0,0,0,0,0,0,0,1
/Users/dell/Documents/ClaimSight/ml/data/raw/car-damage-severity-dataset/data3a/training/03-severe/images (22).jpeg,2,0,1,0,0,0,0,0,0,0,0
/Users/dell/Documents/ClaimSight/ml/data/raw/car-damage-severity-dataset/data3a/training/01-minor/0221.JPEG,0,0,1,0,0,0,0,0,0,0,0
/Users/dell/Documents/ClaimSight/ml/data/raw/car-damage-assessment/image/748.jpeg,-1,1,0,0,0,0,0,0,0,0,1
/Users/dell/Documents/ClaimSight/ml/data/raw/car-damage-severity-dataset/data3a/validation/03-severe/0019.JPEG,2,0,1,0,0,0,0,0,0,0,0
/Users/dell/Documents/ClaimSight/ml/data/raw/car-damage-severity-dataset/data3a/training/01-minor/0019.JPEG,0,0,1,0,0,0,0,0,0,0,0
/Users/dell/Documents/ClaimSight/ml/data/raw/car-damage-severity-dataset/data3a/training/01-minor/images (97).jpeg,0,0,1,0,0,0,0,0,0,0,0
/Users/dell/Documents/ClaimSight/ml/data/raw/car-damage-assessment/image/236.jpeg,-1,1,0,0,0,0,0,0,0,0,1
/Users/dell/Documents/ClaimSight/ml/data/raw/car-damage-severity-dataset/data3a/training/01-minor/0107.JPEG,0,0,1,0,0,0,0,0,0,0,0
/Users/dell/Documents/ClaimSight/ml/data/raw/car-damage-assessment/image/702.jpeg,-1,1,0,0,0,0,0,0,0,0,1
/Users/dell/Documents/ClaimSight/ml/data/raw/car-damage-assessment/image/1348.jpeg,-1,1,0,0,0,0,0,0,0,0,1
/Users/dell/Documents/ClaimSight/ml/data/raw/car-damage-severity-dataset/data3a/training/01-minor/0008.JPEG,0,0,1,0,0,0,0,0,0,0,0
/Users/dell/Documents/ClaimSight/ml/data/raw/car-damage-severity-dataset/data3a/training/02-moderate/images (90).jpeg,1,0,1,0,0,0,0,0,0,0,0
/Users/dell/Documents/ClaimSight/ml/data/raw/car-damage-assessment/image/499.jpeg,-1,1,0,0,0,0,0,0,0,0,1
/Users/dell/Documents/ClaimSight/ml/data/raw/car-damage-severity-dataset/data3a/training/01-minor/0151.JPEG,0,0,1,0,0,0,0,0,0,0,0
/Users/dell/Documents/ClaimSight/ml/data/raw/car-damage-assessment/image/1431.jpeg,-1,1,0,0,0,0,0,0,0,0,1
/Users/dell/Documents/ClaimSight/ml/data/raw/car-damage-assessment/image/774.jpeg,-1,1,0,0,0,0,0,0,0,0,1
/Users/dell/Documents/ClaimSight/ml/data/raw/car-damage-assessment/image/1157.jpeg,-1,1,0,0,0,0,0,0,0,0,1
/Users/dell/Documents/ClaimSight/ml/data/raw/car-damage-assessment/image/1102.jpeg,-1,1,0,0,0,0,0,0,0,0,1
/Users/dell/Documents/ClaimSight/ml/data/raw/car-damage-severity-dataset/data3a/training/02-moderate/0171.JPEG,1,0,1,0,0,0,0,0,0,0,0
/Users/dell/Documents/ClaimSight/ml/data/raw/car-damage-severity-dataset/data3a/training/02-moderate/0235.JPEG,1,0,1,0,0,0,0,0,0,0,0
/Users/dell/Documents/ClaimSight/ml/data/raw/car-damage-severity-dataset/data3a/validation/01-minor/0007.JPEG,0,0,1,0,0,0,0,0,0,0,0
/Users/dell/Documents/ClaimSight/ml/data/raw/car-damage-assessment/image/1111.jpeg,-1,1,0,0,0,0,1,0,0,0,0
/Users/dell/Documents/ClaimSight/ml/data/raw/car-damage-assessment/image/1047.jpeg,-1,1,0,0,0,0,0,0,0,0,1
/Users/dell/Documents/ClaimSight/ml/data/raw/car-damage-severity-dataset/data3a/training/02-moderate/images (37).jpeg,1,0,1,0,0,0,0,0,0,0,0
/Users/dell/Documents/ClaimSight/ml/data/raw/car-damage-severity-dataset/data3a/training/02-moderate/0058.JPEG,1,0,1,0,0,0,0,0,0,0,0
/Users/dell/Documents/ClaimSight/ml/data/raw/car-damage-severity-dataset/data3a/validation/02-moderate/0012.jpeg,1,0,1,0,0,0,0,0,0,0,0
/Users/dell/Documents/ClaimSight/ml/data/raw/car-damage-assessment/image/36.jpeg,-1,1,0,0,0,0,0,0,0,0,1
/Users/dell/Documents/ClaimSight/ml/data/raw/car-damage-severity-dataset/data3a/training/01-minor/0081.JPEG,0,0,1,0,0,0,0,0,0,0,0
/Users/dell/Documents/ClaimSight/ml/data/raw/car-damage-severity-dataset/data3a/validation/01-minor/images (20).jpeg,0,0,1,0,0,0,0,0,0,0,0
/Users/dell/Documents/ClaimSight/ml/data/raw/car-damage-severity-dataset/data3a/training/01-minor/0010.JPEG,0,0,1,0,0,0,0,0,0,0,0
/Users/dell/Documents/ClaimSight/ml/data/raw/car-damage-severity-dataset/data3a/training/02-moderate/0019.JPEG,1,0,1,0,0,0,0,0,0,0,0
/Users/dell/Documents/ClaimSight/ml/data/raw/car-damage-severity-dataset/data3a/training/02-moderate/0008.JPEG,1,0,1,0,0,0,0,0,0,0,0
/Users/dell/Documents/ClaimSight/ml/data/raw/car-damage-severity-dataset/data3a/training/02-moderate/0007.JPEG,1,0,1,0,0,0,0,0,0,0,0
/Users/dell/Documents/ClaimSight/ml/data/raw/car-damage-assessment/image/1472.jpeg,-1,1,0,0,0,0,0,0,0,0,1
/Users/dell/Documents/ClaimSight/ml/data/raw/car-damage-assessment/image/797.jpeg,-1,1,0,0,0,0,0,0,0,0,1
/Users/dell/Documents/ClaimSight/ml/data/raw/car-damage-assessment/image/889.jpeg,-1,1,0,0,0,0,0,0,0,0,1
/Users/dell/Documents/ClaimSight/ml/data/raw/car-damage-assessment/image/1054.jpeg,-1,1,0,0,0,0,0,0,0,0,1
/Users/dell/Documents/ClaimSight/ml/data/raw/car-damage-assessment/image/1269.jpeg,-1,1,0,0,0,0,0,0,0,0,1
/Users/dell/Documents/ClaimSight/ml/data/raw/car-damage-severity-dataset/data3a/validation/01-minor/images (2).jpeg,0,0,1,0,0,0,0,0,0,0,0
/Users/dell/Documents/ClaimSight/ml/data/raw/car-damage-assessment/image/336.jpeg,-1,1,0,0,0,0,0,0,0,0,1
/Users/dell/Documents/ClaimSight/ml/data/raw/car-damage-severity-dataset/data3a/training/03-severe/images - 2022-12-13T215956.808.jpeg,2,0,1,0,0,0,0,0,0,0,0
/Users/dell/Documents/ClaimSight/ml/data/raw/car-damage-assessment/image/44.jpeg,-1,1,0,0,0,0,0,0,0,0,1
/Users/dell/Documents/ClaimSight/ml/data/raw/car-damage-assessment/image/1471.jpeg,-1,1,0,0,0,0,0,0,0,0,1
/Users/dell/Documents/ClaimSight/ml/data/raw/car-damage-assessment/image/363.jpeg,-1,1,0,0,0,0,1,0,0,0,0
/Users/dell/Documents/ClaimSight/ml/data/raw/car-damage-severity-dataset/data3a/training/02-moderate/7a566f2a54cd4f228ec73698d19b6d42_thb.jpg,1,0,1,0,0,0,0,0,0,0,0
/Users/dell/Documents/ClaimSight/ml/data/raw/car-damage-assessment/image/800.jpeg,-1,1,0,0,0,0,0,0,0,0,1
/Users/dell/Documents/ClaimSight/ml/data/raw/car-damage-assessment/image/1499.jpeg,-1,1,0,0,0,0,0,0,0,0,1
/Users/dell/Documents/ClaimSight/ml/data/raw/car-damage-severity-dataset/data3a/training/03-severe/0128.JPEG,2,0,1,0,0,0,0,0,0,0,0
/Users/dell/Documents/ClaimSight/ml/data/raw/car-damage-severity-dataset/data3a/training/03-severe/0264.jpeg,2,0,1,0,0,0,0,0,0,0,0
/Users/dell/Documents/ClaimSight/ml/data/raw/car-damage-assessment/image/1399.jpeg,-1,1,0,0,0,0,0,0,0,0,1
/Users/dell/Documents/ClaimSight/ml/data/raw/car-damage-assessment/image/1490.jpeg,-1,1,0,0,0,0,1,0,0,0,0
/Users/dell/Documents/ClaimSight/ml/data/raw/car-damage-severity-dataset/data3a/validation/01-minor/0033.JPEG,0,0,1,0,0,0,0,0,0,0,0
/Users/dell/Documents/ClaimSight/ml/data/raw/car-damage-severity-dataset/data3a/training/03-severe/images (89).jpeg,2,0,1,0,0,0,0,0,0,0,0
/Users/dell/Documents/ClaimSight/ml/data/raw/car-damage-severity-dataset/data3a/training/01-minor/0235.JPEG,0,0,1,0,0,0,0,0,0,0,0
/Users/dell/Documents/ClaimSight/ml/data/raw/car-damage-assessment/image/537.jpeg,-1,1,0,0,0,0,0,0,0,0,1
/Users/dell/Documents/ClaimSight/ml/data/raw/car-damage-severity-dataset/data3a/training/02-moderate/0117.JPEG,1,0,1,0,0,0,0,0,0,0,0
/Users/dell/Documents/ClaimSight/ml/data/raw/car-damage-severity-dataset/data3a/training/03-severe/0121.JPEG,2,0,1,0,0,0,0,0,0,0,0
/Users/dell/Documents/ClaimSight/ml/data/raw/car-damage-severity-dataset/data3a/training/01-minor/0273.JPEG,0,0,1,0,0,0,0,0,0,0,0
/Users/dell/Documents/ClaimSight/ml/data/raw/car-damage-assessment/image/529.jpeg,-1,1,0,0,0,0,0,0,0,0,1
/Users/dell/Documents/ClaimSight/ml/data/raw/car-damage-severity-dataset/data3a/training/01-minor/0068.JPEG,0,0,1,0,0,0,0,0,0,0,0
/Users/dell/Documents/ClaimSight/ml/data/raw/car-damage-assessment/image/613.jpeg,-1,1,0,0,0,0,0,0,0,0,1
/Users/dell/Documents/ClaimSight/ml/data/raw/car-damage-assessment/image/95.jpeg,-1,1,0,0,0,0,0,0,0,0,1
/Users/dell/Documents/ClaimSight/ml/data/raw/car-damage-assessment/image/1189.jpeg,-1,1,0,0,0,0,0,0,0,0,1
/Users/dell/Documents/ClaimSight/ml/data/raw/car-damage-severity-dataset/data3a/training/03-severe/0220.JPEG,2,0,1,0,0,0,0,0,0,0,0
/Users/dell/Documents/ClaimSight/ml/data/raw/car-damage-assessment/image/534.jpeg,-1,1,0,0,0,0,0,0,0,0,1
/Users/dell/Documents/ClaimSight/ml/data/raw/car-damage-assessment/image/215.jpeg,-1,1,0,0,0,0,0,0,0,0,1
/Users/dell/Documents/ClaimSight/ml/data/raw/car-damage-assessment/image/443.jpeg,-1,1,0,0,0,0,0,0,0,0,1
/Users/dell/Documents/ClaimSight/ml/data/raw/car-damage-assessment/image/390.jpeg,-1,1,0,0,0,0,0,0,0,0,1
/Users/dell/Documents/ClaimSight/ml/data/raw/car-damage-severity-dataset/data3a/training/02-moderate/0082.JPEG,1,0,1,0,0,0,0,0,0,0,0
/Users/dell/Documents/ClaimSight/ml/data/raw/car-damage-assessment/image/958.jpeg,-1,1,0,0,0,0,0,0,0,0,1
/Users/dell/Documents/ClaimSight/ml/data/raw/car-damage-severity-dataset/data3a/training/03-severe/0284.JPEG,2,0,1,0,0,0,0,0,0,0,0
/Users/dell/Documents/ClaimSight/ml/data/raw/car-damage-assessment/image/72.jpeg,-1,1,0,0,0,0,0,0,0,0,1
/Users/dell/Documents/ClaimSight/ml/data/raw/car-damage-severity-dataset/data3a/training/02-moderate/0182.JPEG,1,0,1,0,0,0,0,0,0,0,0
/Users/dell/Documents/ClaimSight/ml/data/raw/car-damage-severity-dataset/data3a/training/02-moderate/0245.JPEG,1,0,1,0,0,0,0,0,0,0,0
/Users/dell/Documents/ClaimSight/ml/data/raw/car-damage-assessment/image/148.jpeg,-1,1,0,0,0,0,0,0,0,0,1
/Users/dell/Documents/ClaimSight/ml/data/raw/car-damage-severity-dataset/data3a/training/01-minor/0120.JPEG,0,0,1,0,0,0,0,0,0,0,0
/Users/dell/Documents/ClaimSight/ml/data/raw/car-damage-severity-dataset/data3a/training/02-moderate/images - 2022-12-12T151420.224.jpeg,1,0,1,0,0,0,0,0,0,0,0
/Users/dell/Documents/ClaimSight/ml/data/raw/car-damage-assessment/image/553.jpeg,-1,1,0,0,0,0,0,0,0,0,1
/Users/dell/Documents/ClaimSight/ml/data/raw/car-damage-assessment/image/714.jpeg,-1,1,0,0,0,0,0,0,0,0,1
/Users/dell/Documents/ClaimSight/ml/data/raw/car-damage-severity-dataset/data3a/training/03-severe/0349.JPEG,2,0,1,0,0,0,0,0,0,0,0
/Users/dell/Documents/ClaimSight/ml/data/raw/car-damage-severity-dataset/data3a/training/02-moderate/0109.JPEG,1,0,1,0,0,0,0,0,0,0,0
/Users/dell/Documents/ClaimSight/ml/data/raw/car-damage-severity-dataset/data3a/training/01-minor/0103.JPEG,0,0,1,0,0,0,0,0,0,0,0
/Users/dell/Documents/ClaimSight/ml/data/raw/car-damage-assessment/image/90.jpeg,-1,1,0,0,0,0,0,0,0,0,1
/Users/dell/Documents/ClaimSight/ml/data/raw/car-damage-assessment/image/349.jpeg,-1,1,0,0,0,0,0,0,0,0,1
/Users/dell/Documents/ClaimSight/ml/data/raw/car-damage-assessment/image/1495.jpeg,-1,1,0,0,0,0,0,0,0,0,1
/Users/dell/Documents/ClaimSight/ml/data/raw/car-damage-assessment/image/595.jpeg,-1,1,0,0,0,0,0,0,0,0,1
/Users/dell/Documents/ClaimSight/ml/data/raw/car-damage-severity-dataset/data3a/training/02-moderate/0006.JPEG,1,0,1,0,0,0,0,0,0,0,0
/Users/dell/Documents/ClaimSight/ml/data/raw/car-damage-severity-dataset/data3a/training/03-severe/0347.JPEG,2,0,1,0,0,0,0,0,0,0,0
/Users/dell/Documents/ClaimSight/ml/data/raw/car-damage-assessment/image/502.jpeg,-1,1,0,0,0,0,0,0,0,0,1
/Users/dell/Documents/ClaimSight/ml/data/raw/car-damage-assessment/image/806.jpeg,-1,1,0,0,0,0,0,0,0,0,1
/Users/dell/Documents/ClaimSight/ml/data/raw/car-damage-assessment/image/1171.jpeg,-1,1,0,0,0,0,0,0,0,0,1
/Users/dell/Documents/ClaimSight/ml/data/raw/car-damage-severity-dataset/data3a/training/03-severe/0072.JPEG,2,0,1,0,0,0,0,0,0,0,0
/Users/dell/Documents/ClaimSight/ml/data/raw/car-damage-severity-dataset/data3a/training/02-moderate/images (4).jpeg,1,0,1,0,0,0,0,0,0,0,0
/Users/dell/Documents/ClaimSight/ml/data/raw/car-damage-severity-dataset/data3a/validation/03-severe/0042.JPEG,2,0,1,0,0,0,0,0,0,0,0
/Users/dell/Documents/ClaimSight/ml/data/raw/car-damage-assessment/image/367.jpeg,-1,1,0,0,0,0,0,0,0,0,1
/Users/dell/Documents/ClaimSight/ml/data/raw/car-damage-assessment/image/821.jpeg,-1,1,0,0,0,0,1,0,0,0,0
/Users/dell/Documents/ClaimSight/ml/data/raw/car-damage-severity-dataset/data3a/training/03-severe/0116.JPEG,2,0,1,0,0,0,0,0,0,0,0
/Users/dell/Documents/ClaimSight/ml/data/raw/car-damage-assessment/image/387.jpeg,-1,1,0,0,0,0,0,0,0,0,1
/Users/dell/Documents/ClaimSight/ml/data/raw/car-damage-severity-dataset/data3a/training/03-severe/0299.JPEG,2,0,1,0,0,0,0,0,0,0,0
/Users/dell/Documents/ClaimSight/ml/data/raw/car-damage-assessment/image/775.jpeg,-1,1,0,0,0,0,0,0,0,0,1
/Users/dell/Documents/ClaimSight/ml/data/raw/car-damage-assessment/image/55.jpeg,-1,1,0,0,0,0,0,0,0,0,1
/Users/dell/Documents/ClaimSight/ml/data/raw/car-damage-assessment/image/839.jpeg,-1,1,0,0,0,0,0,0,0,0,1
/Users/dell/Documents/ClaimSight/ml/data/raw/car-damage-assessment/image/599.jpeg,-1,1,0,0,0,0,0,0,0,0,1
/Users/dell/Documents/ClaimSight/ml/data/raw/car-damage-assessment/image/981.jpeg,-1,1,0,0,0,0,0,0,0,0,1
/Users/dell/Documents/ClaimSight/ml/data/raw/car-damage-severity-dataset/data3a/training/02-moderate/0086.JPEG,1,0,1,0,0,0,0,0,0,0,0
/Users/dell/Documents/ClaimSight/ml/data/raw/car-damage-assessment/image/882.jpeg,-1,1,0,0,0,0,0,0,0,0,1
/Users/dell/Documents/ClaimSight/ml/data/raw/car-damage-assessment/image/940.jpeg,-1,1,0,0,0,0,0,0,0,0,1
/Users/dell/Documents/ClaimSight/ml/data/raw/car-damage-assessment/image/861.jpeg,-1,1,0,0,0,0,0,0,0,0,1
/Users/dell/Documents/ClaimSight/ml/data/raw/car-damage-severity-dataset/data3a/training/03-severe/0126.JPEG,2,0,1,0,0,0,0,0,0,0,0
/Users/dell/Documents/ClaimSight/ml/data/raw/car-damage-severity-dataset/data3a/training/01-minor/0029.JPEG,0,0,1,0,0,0,0,0,0,0,0
/Users/dell/Documents/ClaimSight/ml/data/raw/car-damage-assessment/image/883.jpeg,-1,1,0,0,0,0,0,0,0,0,1
/Users/dell/Documents/ClaimSight/ml/data/raw/car-damage-assessment/image/818.jpeg,-1,1,0,0,0,0,0,0,0,0,1
/Users/dell/Documents/ClaimSight/ml/data/raw/car-damage-assessment/image/0.jpeg,-1,1,0,0,0,0,0,0,0,0,1
/Users/dell/Documents/ClaimSight/ml/data/raw/car-damage-assessment/image/1113.jpeg,-1,1,0,0,0,0,0,0,0,0,1
/Users/dell/Documents/ClaimSight/ml/data/raw/car-damage-assessment/image/972.jpeg,-1,1,0,0,0,0,0,0,0,0,1
/Users/dell/Documents/ClaimSight/ml/data/raw/car-damage-assessment/image/476.jpeg,-1,1,0,0,0,0,0,0,0,0,1
/Users/dell/Documents/ClaimSight/ml/data/raw/car-damage-assessment/image/499.jpeg,-1,1,0,0,0,0,0,0,0,0,1
/Users/dell/Documents/ClaimSight/ml/data/raw/car-damage-assessment/image/394.jpeg,-1,1,0,0,0,0,0,0,0,0,1
/Users/dell/Documents/ClaimSight/ml/data/raw/car-damage-severity-dataset/data3a/validation/03-severe/0035.JPEG,2,0,1,0,0,0,0,0,0,0,0
/Users/dell/Documents/ClaimSight/ml/data/raw/car-damage-assessment/image/414.jpeg,-1,1,0,0,0,0,0,0,0,0,1
/Users/dell/Documents/ClaimSight/ml/data/raw/car-damage-assessment/image/64.jpeg,-1,1,0,0,0,0,0,0,0,0,1
/Users/dell/Documents/ClaimSight/ml/data/raw/car-damage-assessment/image/1212.jpeg,-1,1,0,0,0,0,0,0,0,0,1
/Users/dell/Documents/ClaimSight/ml/data/raw/car-damage-severity-dataset/data3a/training/02-moderate/0094.JPEG,1,0,1,0,0,0,0,0,0,0,0
/Users/dell/Documents/ClaimSight/ml/data/raw/car-damage-severity-dataset/data3a/training/01-minor/0231.JPEG,0,0,1,0,0,0,0,0,0,0,0
/Users/dell/Documents/ClaimSight/ml/data/raw/car-damage-severity-dataset/data3a/training/01-minor/download (17).jpeg,0,0,1,0,0,0,0,0,0,0,0
/Users/dell/Documents/ClaimSight/ml/data/raw/car-damage-severity-dataset/data3a/training/03-severe/0255.JPEG,2,0,1,0,0,0,0,0,0,0,0
/Users/dell/Documents/ClaimSight/ml/data/raw/car-damage-severity-dataset/data3a/training/02-moderate/0029.JPEG,1,0,1,0,0,0,0,0,0,0,0
/Users/dell/Documents/ClaimSight/ml/data/raw/car-damage-assessment/image/970.jpeg,-1,1,0,0,0,0,0,0,0,0,1
/Users/dell/Documents/ClaimSight/ml/data/raw/car-damage-severity-dataset/data3a/training/02-moderate/0290.JPEG,1,0,1,0,0,0,0,0,0,0,0
/Users/dell/Documents/ClaimSight/ml/data/raw/car-damage-severity-dataset/data3a/training/03-severe/0082.JPEG,2,0,1,0,0,0,0,0,0,0,0
/Users/dell/Documents/ClaimSight/ml/data/raw/car-damage-assessment/image/677.jpeg,-1,1,0,0,0,0,0,0,0,0,1
/Users/dell/Documents/ClaimSight/ml/data/raw/car-damage-severity-dataset/data3a/training/03-severe/0183.JPEG,2,0,1,0,0,0,0,0,0,0,0
/Users/dell/Documents/ClaimSight/ml/data/raw/car-damage-severity-dataset/data3a/training/03-severe/0215.JPEG,2,0,1,0,0,0,0,0,0,0,0
/Users/dell/Documents/ClaimSight/ml/data/raw/car-damage-assessment/image/334.jpeg,-1,1,0,0,0,0,0,0,0,0,1
/Users/dell/Documents/ClaimSight/ml/data/raw/car-damage-assessment/image/496.jpeg,-1,1,0,0,0,0,1,0,0,0,0
/Users/dell/Documents/ClaimSight/ml/data/raw/car-damage-severity-dataset/data3a/training/01-minor/0084.JPEG,0,0,1,0,0,0,0,0,0,0,0
/Users/dell/Documents/ClaimSight/ml/data/raw/car-damage-severity-dataset/data3a/training/03-severe/0017.JPEG,2,0,1,0,0,0,0,0,0,0,0
/Users/dell/Documents/ClaimSight/ml/data/raw/car-damage-severity-dataset/data3a/training/01-minor/images (47).jpeg,0,0,1,0,0,0,0,0,0,0,0
/Users/dell/Documents/ClaimSight/ml/data/raw/car-damage-severity-dataset/data3a/training/03-severe/0386.JPEG,2,0,1,0,0,0,0,0,0,0,0
/Users/dell/Documents/ClaimSight/ml/data/raw/car-damage-severity-dataset/data3a/validation/03-severe/download (31).jpeg,2,0,1,0,0,0,0,0,0,0,0
/Users/dell/Documents/ClaimSight/ml/data/raw/car-damage-severity-dataset/data3a/training/01-minor/0183.JPEG,0,0,1,0,0,0,0,0,0,0,0
/Users/dell/Documents/ClaimSight/ml/data/raw/car-damage-assessment/image/1152.jpeg,-1,1,0,0,0,0,0,0,0,0,1
/Users/dell/Documents/ClaimSight/ml/data/raw/car-damage-severity-dataset/data3a/training/02-moderate/0139.JPEG,1,0,1,0,0,0,0,0,0,0,0
/Users/dell/Documents/ClaimSight/ml/data/raw/car-damage-assessment/image/637.jpeg,-1,1,0,0,0,0,0,0,0,0,1
/Users/dell/Documents/ClaimSight/ml/data/raw/car-damage-severity-dataset/data3a/training/02-moderate/0079.JPEG,1,0,1,0,0,0,0,0,0,0,0
/Users/dell/Documents/ClaimSight/ml/data/raw/car-damage-severity-dataset/data3a/training/03-severe/0094.JPEG,2,0,1,0,0,0,0,0,0,0,0
/Users/dell/Documents/ClaimSight/ml/data/raw/car-damage-assessment/image/573.jpeg,-1,1,0,0,0,0,0,0,0,0,1
/Users/dell/Documents/ClaimSight/ml/data/raw/car-damage-severity-dataset/data3a/training/02-moderate/0233.JPEG,1,0,1,0,0,0,0,0,0,0,0
/Users/dell/Documents/ClaimSight/ml/data/raw/car-damage-severity-dataset/data3a/training/02-moderate/images (114).jpeg,1,0,1,0,0,0,0,0,0,0,0
/Users/dell/Documents/ClaimSight/ml/data/raw/car-damage-severity-dataset/data3a/training/01-minor/0207.JPEG,0,0,1,0,0,0,0,0,0,0,0
/Users/dell/Documents/ClaimSight/ml/data/raw/car-damage-severity-dataset/data3a/training/01-minor/0003.JPEG,0,0,1,0,0,0,0,0,0,0,0
/Users/dell/Documents/ClaimSight/ml/data/raw/car-damage-severity-dataset/data3a/training/01-minor/download (16).jpeg,0,0,1,0,0,0,0,0,0,0,0
/Users/dell/Documents/ClaimSight/ml/data/raw/car-damage-assessment/image/398.jpeg,-1,1,0,0,0,0,0,0,0,0,1
/Users/dell/Documents/ClaimSight/ml/data/raw/car-damage-assessment/image/645.jpeg,-1,1,0,0,0,0,0,0,0,0,1
/Users/dell/Documents/ClaimSight/ml/data/raw/car-damage-severity-dataset/data3a/training/02-moderate/images (101).jpeg,1,0,1,0,0,0,0,0,0,0,0
/Users/dell/Documents/ClaimSight/ml/data/raw/car-damage-severity-dataset/data3a/validation/03-severe/0016.JPEG,2,0,1,0,0,0,0,0,0,0,0
/Users/dell/Documents/ClaimSight/ml/data/raw/car-damage-assessment/image/1411.jpeg,-1,1,0,0,0,0,0,0,0,0,1
/Users/dell/Documents/ClaimSight/ml/data/raw/car-damage-severity-dataset/data3a/training/03-severe/0311.JPEG,2,0,1,0,0,0,0,0,0,0,0
/Users/dell/Documents/ClaimSight/ml/data/raw/car-damage-severity-dataset/data3a/training/02-moderate/0161.JPEG,1,0,1,0,0,0,0,0,0,0,0
/Users/dell/Documents/ClaimSight/ml/data/raw/car-damage-severity-dataset/data3a/validation/03-severe/0015.JPEG,2,0,1,0,0,0,0,0,0,0,0
/Users/dell/Documents/ClaimSight/ml/data/raw/car-damage-severity-dataset/data3a/training/02-moderate/images (2).jpeg,1,0,1,0,0,0,0,0,0,0,0
/Users/dell/Documents/ClaimSight/ml/data/raw/car-damage-severity-dataset/data3a/training/01-minor/0195.JPEG,0,0,1,0,0,0,0,0,0,0,0
/Users/dell/Documents/ClaimSight/ml/data/raw/car-damage-assessment/image/1057.jpeg,-1,1,0,0,0,0,0,0,0,0,1
/Users/dell/Documents/ClaimSight/ml/data/raw/car-damage-assessment/image/842.jpeg,-1,1,0,0,0,0,1,0,0,0,0
/Users/dell/Documents/ClaimSight/ml/data/raw/car-damage-severity-dataset/data3a/training/02-moderate/0063.JPEG,1,0,1,0,0,0,0,0,0,0,0
/Users/dell/Documents/ClaimSight/ml/data/raw/car-damage-assessment/image/588.jpeg,-1,1,0,0,0,0,0,0,0,0,1
/Users/dell/Documents/ClaimSight/ml/data/raw/car-damage-assessment/image/1263.jpeg,-1,1,0,0,0,0,0,0,0,0,1
/Users/dell/Documents/ClaimSight/ml/data/raw/car-damage-severity-dataset/data3a/training/01-minor/images (18).jpeg,0,0,1,0,0,0,0,0,0,0,0
/Users/dell/Documents/ClaimSight/ml/data/raw/car-damage-assessment/image/1308.jpeg,-1,1,0,0,0,0,0,0,0,0,1
/Users/dell/Documents/ClaimSight/ml/data/raw/car-damage-severity-dataset/data3a/training/01-minor/0202.JPEG,0,0,1,0,0,0,0,0,0,0,0
/Users/dell/Documents/ClaimSight/ml/data/raw/car-damage-assessment/image/568.jpeg,-1,1,0,0,0,0,0,0,0,0,1
/Users/dell/Documents/ClaimSight/ml/data/raw/car-damage-assessment/image/1095.jpeg,-1,1,0,0,0,0,0,0,0,0,1
/Users/dell/Documents/ClaimSight/ml/data/raw/car-damage-severity-dataset/data3a/training/03-severe/0158.JPEG,2,0,1,0,0,0,0,0,0,0,0
/Users/dell/Documents/ClaimSight/ml/data/raw/car-damage-severity-dataset/data3a/training/01-minor/0169.JPEG,0,0,1,0,0,0,0,0,0,0,0
/Users/dell/Documents/ClaimSight/ml/data/raw/car-damage-assessment/image/1287.jpeg,-1,1,0,0,0,0,0,0,0,0,1
/Users/dell/Documents/ClaimSight/ml/data/raw/car-damage-assessment/image/997.jpeg,-1,1,0,0,0,0,0,0,0,0,1
/Users/dell/Documents/ClaimSight/ml/data/raw/car-damage-assessment/image/81.jpeg,-1,1,0,0,0,0,0,0,0,0,1
/Users/dell/Documents/ClaimSight/ml/data/raw/car-damage-severity-dataset/data3a/training/02-moderate/0152.JPEG,1,0,1,0,0,0,0,0,0,0,0
/Users/dell/Documents/ClaimSight/ml/data/raw/car-damage-assessment/image/650.jpeg,-1,1,0,0,0,0,0,0,0,0,1
/Users/dell/Documents/ClaimSight/ml/data/raw/car-damage-severity-dataset/data3a/training/01-minor/0131.jpeg,0,0,1,0,0,0,0,0,0,0,0
/Users/dell/Documents/ClaimSight/ml/data/raw/car-damage-assessment/image/201.jpeg,-1,1,0,0,0,0,0,0,0,0,1
/Users/dell/Documents/ClaimSight/ml/data/raw/car-damage-assessment/image/310.jpeg,-1,1,0,0,0,0,0,0,0,0,1
/Users/dell/Documents/ClaimSight/ml/data/raw/car-damage-assessment/image/1075.jpeg,-1,1,0,0,0,0,0,0,0,0,1
/Users/dell/Documents/ClaimSight/ml/data/raw/car-damage-assessment/image/460.jpeg,-1,1,0,0,0,0,0,0,0,0,1
/Users/dell/Documents/ClaimSight/ml/data/raw/car-damage-assessment/image/615.jpeg,-1,1,0,0,0,0,0,0,0,0,1
/Users/dell/Documents/ClaimSight/ml/data/raw/car-damage-assessment/image/18.jpeg,-1,1,0,0,0,0,1,0,0,0,0
/Users/dell/Documents/ClaimSight/ml/data/raw/car-damage-assessment/image/1351.jpeg,-1,1,0,0,0,0,1,0,0,0,0
/Users/dell/Documents/ClaimSight/ml/data/raw/car-damage-assessment/image/843.jpeg,-1,1,0,0,0,0,1,0,0,0,0
/Users/dell/Documents/ClaimSight/ml/data/raw/car-damage-severity-dataset/data3a/training/03-severe/0201.JPEG,2,0,1,0,0,0,0,0,0,0,0
/Users/dell/Documents/ClaimSight/ml/data/raw/car-damage-severity-dataset/data3a/training/03-severe/0020.JPEG,2,0,1,0,0,0,0,0,0,0,0
/Users/dell/Documents/ClaimSight/ml/data/raw/car-damage-assessment/image/1450.jpeg,-1,1,0,0,0,0,0,0,0,0,1
/Users/dell/Documents/ClaimSight/ml/data/raw/car-damage-assessment/image/1474.jpeg,-1,1,0,0,0,0,0,0,0,0,1
/Users/dell/Documents/ClaimSight/ml/data/raw/car-damage-assessment/image/844.jpeg,-1,1,0,0,0,0,0,0,0,0,1
/Users/dell/Documents/ClaimSight/ml/data/raw/car-damage-severity-dataset/data3a/training/02-moderate/0246.JPEG,1,0,1,0,0,0,0,0,0,0,0
/Users/dell/Documents/ClaimSight/ml/data/raw/car-damage-severity-dataset/data3a/training/03-severe/images (35).jpeg,2,0,1,0,0,0,0,0,0,0,0
/Users/dell/Documents/ClaimSight/ml/data/raw/car-damage-assessment/image/865.jpeg,-1,1,0,0,0,0,0,0,0,0,1
/Users/dell/Documents/ClaimSight/ml/data/raw/car-damage-assessment/image/569.jpeg,-1,1,0,0,0,0,1,0,0,0,0
/Users/dell/Documents/ClaimSight/ml/data/raw/car-damage-assessment/image/973.jpeg,-1,1,0,0,0,0,0,0,0,0,1
/Users/dell/Documents/ClaimSight/ml/data/raw/car-damage-severity-dataset/data3a/training/03-severe/0213.JPEG,2,0,1,0,0,0,0,0,0,0,0
/Users/dell/Documents/ClaimSight/ml/data/raw/car-damage-assessment/image/832.jpeg,-1,1,0,0,0,0,1,0,0,0,0
/Users/dell/Documents/ClaimSight/ml/data/raw/car-damage-assessment/image/407.jpeg,-1,1,0,0,0,0,0,0,0,0,1
/Users/dell/Documents/ClaimSight/ml/data/raw/car-damage-assessment/image/1066.jpeg,-1,1,0,0,0,0,0,0,0,0,1
/Users/dell/Documents/ClaimSight/ml/data/raw/car-damage-assessment/image/366.jpeg,-1,1,0,0,0,0,0,0,0,0,1
/Users/dell/Documents/ClaimSight/ml/data/raw/car-damage-severity-dataset/data3a/training/01-minor/0100.JPEG,0,0,1,0,0,0,0,0,0,0,0
/Users/dell/Documents/ClaimSight/ml/data/raw/car-damage-severity-dataset/data3a/training/02-moderate/0031.JPEG,1,0,1,0,0,0,0,0,0,0,0
/Users/dell/Documents/ClaimSight/ml/data/raw/car-damage-assessment/image/69.jpeg,-1,1,0,0,0,0,0,0,0,0,1
/Users/dell/Documents/ClaimSight/ml/data/raw/car-damage-severity-dataset/data3a/training/02-moderate/images - 2022-12-13T215956.191.jpeg,1,0,1,0,0,0,0,0,0,0,0
/Users/dell/Documents/ClaimSight/ml/data/raw/car-damage-assessment/image/446.jpeg,-1,1,0,0,0,0,0,0,0,0,1
/Users/dell/Documents/ClaimSight/ml/data/raw/car-damage-severity-dataset/data3a/validation/03-severe/0061.JPEG,2,0,1,0,0,0,0,0,0,0,0
/Users/dell/Documents/ClaimSight/ml/data/raw/car-damage-severity-dataset/data3a/training/03-severe/0127.JPEG,2,0,1,0,0,0,0,0,0,0,0
/Users/dell/Documents/ClaimSight/ml/data/raw/car-damage-severity-dataset/data3a/training/03-severe/images (95).jpeg,2,0,1,0,0,0,0,0,0,0,0
/Users/dell/Documents/ClaimSight/ml/data/raw/car-damage-assessment/image/917.jpeg,-1,1,0,0,0,0,0,0,0,0,1
/Users/dell/Documents/ClaimSight/ml/data/raw/car-damage-assessment/image/400.jpeg,-1,1,0,0,0,0,0,0,0,0,1
/Users/dell/Documents/ClaimSight/ml/data/raw/car-damage-severity-dataset/data3a/training/03-severe/0352.JPEG,2,0,1,0,0,0,0,0,0,0,0
/Users/dell/Documents/ClaimSight/ml/data/raw/car-damage-assessment/image/627.jpeg,-1,1,0,0,0,0,0,0,0,0,1
/Users/dell/Documents/ClaimSight/ml/data/raw/car-damage-assessment/image/1166.jpeg,-1,1,0,0,0,0,0,0,0,0,1
/Users/dell/Documents/ClaimSight/ml/data/raw/car-damage-severity-dataset/data3a/training/01-minor/images (29).jpeg,0,0,1,0,0,0,0,0,0,0,0
/Users/dell/Documents/ClaimSight/ml/data/raw/car-damage-assessment/image/214.jpeg,-1,1,0,0,0,0,0,0,0,0,1
/Users/dell/Documents/ClaimSight/ml/data/raw/car-damage-severity-dataset/data3a/training/03-severe/images - 2022-12-13T215956.300.jpeg,2,0,1,0,0,0,0,0,0,0,0
/Users/dell/Documents/ClaimSight/ml/data/raw/car-damage-assessment/image/1108.jpeg,-1,1,0,0,0,0,0,0,0,0,1
/Users/dell/Documents/ClaimSight/ml/data/raw/car-damage-assessment/image/25.jpeg,-1,1,0,0,0,0,0,0,0,0,1
/Users/dell/Documents/ClaimSight/ml/data/raw/car-damage-severity-dataset/data3a/validation/01-minor/images (90).jpeg,0,0,1,0,0,0,0,0,0,0,0
/Users/dell/Documents/ClaimSight/ml/data/raw/car-damage-severity-dataset/data3a/training/03-severe/download (7).jpeg,2,0,1,0,0,0,0,0,0,0,0
/Users/dell/Documents/ClaimSight/ml/data/raw/car-damage-severity-dataset/data3a/training/02-moderate/images (95).jpeg,1,0,1,0,0,0,0,0,0,0,0
/Users/dell/Documents/ClaimSight/ml/data/raw/car-damage-assessment/image/1298.jpeg,-1,1,0,0,0,0,0,0,0,0,1
/Users/dell/Documents/ClaimSight/ml/data/raw/car-damage-assessment/image/1417.jpeg,-1,1,0,0,0,0,0,0,0,0,1
/Users/dell/Documents/ClaimSight/ml/data/raw/car-damage-assessment/image/185.jpeg,-1,1,0,0,0,0,1,0,0,0,0
/Users/dell/Documents/ClaimSight/ml/data/raw/car-damage-severity-dataset/data3a/training/03-severe/0178.JPEG,2,0,1,0,0,0,0,0,0,0,0
/Users/dell/Documents/ClaimSight/ml/data/raw/car-damage-severity-dataset/data3a/training/01-minor/images (57).jpeg,0,0,1,0,0,0,0,0,0,0,0
/Users/dell/Documents/ClaimSight/ml/data/raw/car-damage-assessment/image/35.jpeg,-1,1,0,0,0,0,0,0,0,0,1
/Users/dell/Documents/ClaimSight/ml/data/raw/car-damage-assessment/image/244.jpeg,-1,1,0,0,0,0,0,0,0,0,1
/Users/dell/Documents/ClaimSight/ml/data/raw/car-damage-severity-dataset/data3a/training/03-severe/0286.JPEG,2,0,1,0,0,0,0,0,0,0,0
/Users/dell/Documents/ClaimSight/ml/data/raw/car-damage-assessment/image/504.jpeg,-1,1,0,0,0,0,0,0,0,0,1
/Users/dell/Documents/ClaimSight/ml/data/raw/car-damage-severity-dataset/data3a/training/03-severe/0292.JPEG,2,0,1,0,0,0,0,0,0,0,0
/Users/dell/Documents/ClaimSight/ml/data/raw/car-damage-severity-dataset/data3a/validation/02-moderate/0018.JPEG,1,0,1,0,0,0,0,0,0,0,0
/Users/dell/Documents/ClaimSight/ml/data/raw/car-damage-severity-dataset/data3a/training/02-moderate/0077.jpeg,1,0,1,0,0,0,0,0,0,0,0
/Users/dell/Documents/ClaimSight/ml/data/raw/car-damage-severity-dataset/data3a/training/02-moderate/0310.JPEG,1,0,1,0,0,0,0,0,0,0,0
/Users/dell/Documents/ClaimSight/ml/data/raw/car-damage-severity-dataset/data3a/training/01-minor/fcce1fb1731b4c2e9db32075d48a4200_thb.jpg,0,0,1,0,0,0,0,0,0,0,0
/Users/dell/Documents/ClaimSight/ml/data/raw/car-damage-severity-dataset/data3a/training/02-moderate/0051.JPEG,1,0,1,0,0,0,0,0,0,0,0
/Users/dell/Documents/ClaimSight/ml/data/raw/car-damage-assessment/image/935.jpeg,-1,1,0,0,0,0,0,0,0,0,1
/Users/dell/Documents/ClaimSight/ml/data/raw/car-damage-assessment/image/145.jpeg,-1,1,0,0,0,0,0,0,0,0,1
/Users/dell/Documents/ClaimSight/ml/data/raw/car-damage-severity-dataset/data3a/training/02-moderate/images (81).jpeg,1,0,1,0,0,0,0,0,0,0,0
/Users/dell/Documents/ClaimSight/ml/data/raw/car-damage-severity-dataset/data3a/training/02-moderate/images (7).jpeg,1,0,1,0,0,0,0,0,0,0,0
/Users/dell/Documents/ClaimSight/ml/data/raw/car-damage-assessment/image/564.jpeg,-1,1,0,0,0,0,0,0,0,0,1
/Users/dell/Documents/ClaimSight/ml/data/raw/car-damage-assessment/image/728.jpeg,-1,1,0,0,0,0,0,0,0,0,1
/Users/dell/Documents/ClaimSight/ml/data/raw/car-damage-severity-dataset/data3a/validation/03-severe/0013.JPEG,2,0,1,0,0,0,0,0,0,0,0
/Users/dell/Documents/ClaimSight/ml/data/raw/car-damage-severity-dataset/data3a/training/01-minor/0025.JPEG,0,0,1,0,0,0,0,0,0,0,0
/Users/dell/Documents/ClaimSight/ml/data/raw/car-damage-assessment/image/690.jpeg,-1,1,0,0,0,0,0,0,0,0,1
/Users/dell/Documents/ClaimSight/ml/data/raw/car-damage-severity-dataset/data3a/training/02-moderate/0112.JPEG,1,0,1,0,0,0,0,0,0,0,0
/Users/dell/Documents/ClaimSight/ml/data/raw/car-damage-severity-dataset/data3a/training/02-moderate/images (82).jpeg,1,0,1,0,0,0,0,0,0,0,0
/Users/dell/Documents/ClaimSight/ml/data/raw/car-damage-severity-dataset/data3a/training/02-moderate/0069.JPEG,1,0,1,0,0,0,0,0,0,0,0
/Users/dell/Documents/ClaimSight/ml/data/raw/car-damage-severity-dataset/data3a/training/03-severe/0382.JPEG,2,0,1,0,0,0,0,0,0,0,0
/Users/dell/Documents/ClaimSight/ml/data/raw/car-damage-assessment/image/1236.jpeg,-1,1,0,0,0,0,0,0,0,0,1
/Users/dell/Documents/ClaimSight/ml/data/raw/car-damage-assessment/image/520.jpeg,-1,1,0,0,0,0,1,0,0,0,0
/Users/dell/Documents/ClaimSight/ml/data/raw/car-damage-severity-dataset/data3a/training/03-severe/0291.JPEG,2,0,1,0,0,0,0,0,0,0,0
/Users/dell/Documents/ClaimSight/ml/data/raw/car-damage-assessment/image/824.jpeg,-1,1,0,0,0,0,0,0,0,0,1
/Users/dell/Documents/ClaimSight/ml/data/raw/car-damage-severity-dataset/data3a/training/02-moderate/images (73).jpeg,1,0,1,0,0,0,0,0,0,0,0
/Users/dell/Documents/ClaimSight/ml/data/raw/car-damage-assessment/image/364.jpeg,-1,1,0,0,0,0,0,0,0,0,1
/Users/dell/Documents/ClaimSight/ml/data/raw/car-damage-assessment/image/1457.jpeg,-1,1,0,0,0,0,0,0,0,0,1
/Users/dell/Documents/ClaimSight/ml/data/raw/car-damage-assessment/image/1414.jpeg,-1,1,0,0,0,0,0,0,0,0,1
/Users/dell/Documents/ClaimSight/ml/data/raw/car-damage-assessment/image/21.jpeg,-1,1,0,0,0,0,0,0,0,0,1
/Users/dell/Documents/ClaimSight/ml/data/raw/car-damage-severity-dataset/data3a/training/02-moderate/0043.JPEG,1,0,1,0,0,0,0,0,0,0,0
/Users/dell/Documents/ClaimSight/ml/data/raw/car-damage-assessment/image/48.jpeg,-1,1,0,0,0,0,0,0,0,0,1
/Users/dell/Documents/ClaimSight/ml/data/raw/car-damage-assessment/image/455.jpeg,-1,1,0,0,0,0,0,0,0,0,1
/Users/dell/Documents/ClaimSight/ml/data/raw/car-damage-assessment/image/1204.jpeg,-1,1,0,0,0,0,0,0,0,0,1
/Users/dell/Documents/ClaimSight/ml/data/raw/car-damage-assessment/image/365.jpeg,-1,1,0,0,0,0,0,0,0,0,1
/Users/dell/Documents/ClaimSight/ml/data/raw/car-damage-assessment/image/1437.jpeg,-1,1,0,0,0,0,0,0,0,0,1
/Users/dell/Documents/ClaimSight/ml/data/raw/car-damage-assessment/image/87.jpeg,-1,1,0,0,0,0,0,0,0,0,1
/Users/dell/Documents/ClaimSight/ml/data/raw/car-damage-assessment/image/333.jpeg,-1,1,0,0,0,0,0,0,0,0,1
/Users/dell/Documents/ClaimSight/ml/data/raw/car-damage-severity-dataset/data3a/training/01-minor/images - 2022-12-12T151411.728.jpeg,0,0,1,0,0,0,0,0,0,0,0
/Users/dell/Documents/ClaimSight/ml/data/raw/car-damage-assessment/image/243.jpeg,-1,1,0,0,0,0,0,0,0,0,1
/Users/dell/Documents/ClaimSight/ml/data/raw/car-damage-assessment/image/319.jpeg,-1,1,0,0,0,0,0,0,0,0,1
/Users/dell/Documents/ClaimSight/ml/data/raw/car-damage-severity-dataset/data3a/training/01-minor/download (19).jpeg,0,0,1,0,0,0,0,0,0,0,0
/Users/dell/Documents/ClaimSight/ml/data/raw/car-damage-assessment/image/375.jpeg,-1,1,0,0,0,0,0,0,0,0,1
/Users/dell/Documents/ClaimSight/ml/data/raw/car-damage-severity-dataset/data3a/training/01-minor/0261.JPEG,0,0,1,0,0,0,0,0,0,0,0
/Users/dell/Documents/ClaimSight/ml/data/raw/car-damage-severity-dataset/data3a/training/02-moderate/0205.JPEG,1,0,1,0,0,0,0,0,0,0,0
/Users/dell/Documents/ClaimSight/ml/data/raw/car-damage-severity-dataset/data3a/training/03-severe/0279.JPEG,2,0,1,0,0,0,0,0,0,0,0
/Users/dell/Documents/ClaimSight/ml/data/raw/car-damage-assessment/image/927.jpeg,-1,1,0,0,0,0,0,0,0,0,1
/Users/dell/Documents/ClaimSight/ml/data/raw/car-damage-severity-dataset/data3a/training/03-severe/0208.JPEG,2,0,1,0,0,0,0,0,0,0,0
/Users/dell/Documents/ClaimSight/ml/data/raw/car-damage-severity-dataset/data3a/training/02-moderate/images (86).jpeg,1,0,1,0,0,0,0,0,0,0,0
/Users/dell/Documents/ClaimSight/ml/data/raw/car-damage-assessment/image/736.jpeg,-1,1,0,0,0,0,0,0,0,0,1
/Users/dell/Documents/ClaimSight/ml/data/raw/car-damage-assessment/image/1446.jpeg,-1,1,0,0,0,0,0,0,0,0,1
/Users/dell/Documents/ClaimSight/ml/data/raw/car-damage-assessment/image/340.jpeg,-1,1,0,0,0,0,0,0,0,0,1
/Users/dell/Documents/ClaimSight/ml/data/raw/car-damage-assessment/image/1128.jpeg,-1,1,0,0,0,0,0,0,0,0,1
/Users/dell/Documents/ClaimSight/ml/data/raw/car-damage-assessment/image/1151.jpeg,-1,1,0,0,0,0,0,0,0,0,1
/Users/dell/Documents/ClaimSight/ml/data/raw/car-damage-severity-dataset/data3a/training/01-minor/0038.JPEG,0,0,1,0,0,0,0,0,0,0,0
/Users/dell/Documents/ClaimSight/ml/data/raw/car-damage-severity-dataset/data3a/training/01-minor/0146.JPEG,0,0,1,0,0,0,0,0,0,0,0
/Users/dell/Documents/ClaimSight/ml/data/raw/car-damage-assessment/image/561.jpeg,-1,1,0,0,0,0,0,0,0,0,1
/Users/dell/Documents/ClaimSight/ml/data/raw/car-damage-severity-dataset/data3a/training/03-severe/0189.JPEG,2,0,1,0,0,0,0,0,0,0,0
/Users/dell/Documents/ClaimSight/ml/data/raw/car-damage-severity-dataset/data3a/training/01-minor/0232.JPEG,0,0,1,0,0,0,0,0,0,0,0
/Users/dell/Documents/ClaimSight/ml/data/raw/car-damage-severity-dataset/data3a/training/01-minor/53d79ee77e3e4a1ba50a0a5bcd06e2ae_thb.jpg,0,0,1,0,0,0,0,0,0,0,0
/Users/dell/Documents/ClaimSight/ml/data/raw/car-damage-assessment/image/98.jpeg,-1,1,0,0,0,0,0,0,0,0,1
/Users/dell/Documents/ClaimSight/ml/data/raw/car-damage-assessment/image/475.jpeg,-1,1,0,0,0,0,0,0,0,0,1
/Users/dell/Documents/ClaimSight/ml/data/raw/car-damage-assessment/image/1283.jpeg,-1,1,0,0,0,0,0,0,0,0,1
/Users/dell/Documents/ClaimSight/ml/data/raw/car-damage-severity-dataset/data3a/training/02-moderate/0172.JPEG,1,0,1,0,0,0,0,0,0,0,0
/Users/dell/Documents/ClaimSight/ml/data/raw/car-damage-assessment/image/528.jpeg,-1,1,0,0,0,0,0,0,0,0,1
/Users/dell/Documents/ClaimSight/ml/data/raw/car-damage-assessment/image/631.jpeg,-1,1,0,0,0,0,0,0,0,0,1
/Users/dell/Documents/ClaimSight/ml/data/raw/car-damage-severity-dataset/data3a/training/02-moderate/0141.JPEG,1,0,1,0,0,0,0,0,0,0,0
/Users/dell/Documents/ClaimSight/ml/data/raw/car-damage-assessment/image/990.jpeg,-1,1,0,0,0,0,0,0,0,0,1
/Users/dell/Documents/ClaimSight/ml/data/raw/car-damage-severity-dataset/data3a/training/01-minor/download (28).jpeg,0,0,1,0,0,0,0,0,0,0,0
/Users/dell/Documents/ClaimSight/ml/data/raw/car-damage-severity-dataset/data3a/training/02-moderate/0287.JPEG,1,0,1,0,0,0,0,0,0,0,0
/Users/dell/Documents/ClaimSight/ml/data/raw/car-damage-severity-dataset/data3a/validation/01-minor/images (80).jpeg,0,0,1,0,0,0,0,0,0,0,0
/Users/dell/Documents/ClaimSight/ml/data/raw/car-damage-assessment/image/448.jpeg,-1,1,0,0,0,0,0,0,0,0,1
/Users/dell/Documents/ClaimSight/ml/data/raw/car-damage-assessment/image/508.jpeg,-1,1,0,0,0,0,0,0,0,0,1
/Users/dell/Documents/ClaimSight/ml/data/raw/car-damage-severity-dataset/data3a/training/02-moderate/0055.JPEG,1,0,1,0,0,0,0,0,0,0,0
/Users/dell/Documents/ClaimSight/ml/data/raw/car-damage-severity-dataset/data3a/training/01-minor/0082.JPEG,0,0,1,0,0,0,0,0,0,0,0
/Users/dell/Documents/ClaimSight/ml/data/raw/car-damage-assessment/image/732.jpeg,-1,1,0,0,0,0,0,0,0,0,1
/Users/dell/Documents/ClaimSight/ml/data/raw/car-damage-assessment/image/1199.jpeg,-1,1,0,0,0,0,0,0,0,0,1
/Users/dell/Documents/ClaimSight/ml/data/raw/car-damage-severity-dataset/data3a/training/01-minor/0223.JPEG,0,0,1,0,0,0,0,0,0,0,0
/Users/dell/Documents/ClaimSight/ml/data/raw/car-damage-assessment/image/272.jpeg,-1,1,0,0,0,0,0,0,0,0,1
/Users/dell/Documents/ClaimSight/ml/data/raw/car-damage-assessment/image/340.jpeg,-1,1,0,0,0,0,0,0,0,0,1
/Users/dell/Documents/ClaimSight/ml/data/raw/car-damage-assessment/image/380.jpeg,-1,1,0,0,0,0,0,0,0,0,1
/Users/dell/Documents/ClaimSight/ml/data/raw/car-damage-assessment/image/1304.jpeg,-1,1,0,0,0,0,0,0,0,0,1
/Users/dell/Documents/ClaimSight/ml/data/raw/car-damage-assessment/image/247.jpeg,-1,1,0,0,0,0,0,0,0,0,1
/Users/dell/Documents/ClaimSight/ml/data/raw/car-damage-severity-dataset/data3a/training/01-minor/0209.JPEG,0,0,1,0,0,0,0,0,0,0,0
/Users/dell/Documents/ClaimSight/ml/data/raw/car-damage-assessment/image/1173.jpeg,-1,1,0,0,0,0,0,0,0,0,1
/Users/dell/Documents/ClaimSight/ml/data/raw/car-damage-severity-dataset/data3a/training/01-minor/0145.JPEG,0,0,1,0,0,0,0,0,0,0,0
/Users/dell/Documents/ClaimSight/ml/data/raw/car-damage-assessment/image/346.jpeg,-1,1,0,0,0,0,0,0,0,0,1
/Users/dell/Documents/ClaimSight/ml/data/raw/car-damage-severity-dataset/data3a/training/01-minor/0085.JPEG,0,0,1,0,0,0,0,0,0,0,0
/Users/dell/Documents/ClaimSight/ml/data/raw/car-damage-severity-dataset/data3a/validation/02-moderate/0047.JPEG,1,0,1,0,0,0,0,0,0,0,0
/Users/dell/Documents/ClaimSight/ml/data/raw/car-damage-assessment/image/1291.jpeg,-1,1,0,0,0,0,0,0,0,0,1
/Users/dell/Documents/ClaimSight/ml/data/raw/car-damage-severity-dataset/data3a/validation/02-moderate/images (50).jpeg,1,0,1,0,0,0,0,0,0,0,0
/Users/dell/Documents/ClaimSight/ml/data/raw/car-damage-severity-dataset/data3a/validation/03-severe/download (17).jpeg,2,0,1,0,0,0,0,0,0,0,0
/Users/dell/Documents/ClaimSight/ml/data/raw/car-damage-severity-dataset/data3a/training/03-severe/images - 2022-12-12T151411.618.jpeg,2,0,1,0,0,0,0,0,0,0,0
/Users/dell/Documents/ClaimSight/ml/data/raw/car-damage-assessment/image/530.jpeg,-1,1,0,0,0,0,0,0,0,0,1
/Users/dell/Documents/ClaimSight/ml/data/raw/car-damage-severity-dataset/data3a/validation/03-severe/0030.JPEG,2,0,1,0,0,0,0,0,0,0,0
/Users/dell/Documents/ClaimSight/ml/data/raw/car-damage-assessment/image/1127.jpeg,-1,1,0,0,0,0,0,0,0,0,1
/Users/dell/Documents/ClaimSight/ml/data/raw/car-damage-severity-dataset/data3a/training/01-minor/0119.JPEG,0,0,1,0,0,0,0,0,0,0,0
/Users/dell/Documents/ClaimSight/ml/data/raw/car-damage-assessment/image/871.jpeg,-1,1,0,0,0,0,0,0,0,0,1
/Users/dell/Documents/ClaimSight/ml/data/raw/car-damage-severity-dataset/data3a/training/03-severe/0160.JPEG,2,0,1,0,0,0,0,0,0,0,0
/Users/dell/Documents/ClaimSight/ml/data/raw/car-damage-severity-dataset/data3a/training/02-moderate/d5b47650-0a70-46b0-95d8-2dd27de62574.jpeg,1,0,1,0,0,0,0,0,0,0,0
/Users/dell/Documents/ClaimSight/ml/data/raw/car-damage-assessment/image/342.jpeg,-1,1,0,0,0,0,0,0,0,0,1
/Users/dell/Documents/ClaimSight/ml/data/raw/car-damage-severity-dataset/data3a/validation/02-moderate/0002.JPEG,1,0,1,0,0,0,0,0,0,0,0
/Users/dell/Documents/ClaimSight/ml/data/raw/car-damage-severity-dataset/data3a/training/03-severe/0384.JPEG,2,0,1,0,0,0,0,0,0,0,0
/Users/dell/Documents/ClaimSight/ml/data/raw/car-damage-assessment/image/1248.jpeg,-1,1,0,0,0,0,0,0,0,0,1
/Users/dell/Documents/ClaimSight/ml/data/raw/car-damage-severity-dataset/data3a/training/03-severe/0332.JPEG,2,0,1,0,0,0,0,0,0,0,0
/Users/dell/Documents/ClaimSight/ml/data/raw/car-damage-severity-dataset/data3a/training/02-moderate/0200.JPEG,1,0,1,0,0,0,0,0,0,0,0
/Users/dell/Documents/ClaimSight/ml/data/raw/car-damage-assessment/image/1401.jpeg,-1,1,0,0,0,0,0,0,0,0,1
/Users/dell/Documents/ClaimSight/ml/data/raw/car-damage-severity-dataset/data3a/training/02-moderate/0208.JPEG,1,0,1,0,0,0,0,0,0,0,0
/Users/dell/Documents/ClaimSight/ml/data/raw/car-damage-severity-dataset/data3a/validation/02-moderate/0044.JPEG,1,0,1,0,0,0,0,0,0,0,0
/Users/dell/Documents/ClaimSight/ml/data/raw/car-damage-severity-dataset/data3a/training/03-severe/0120.JPEG,2,0,1,0,0,0,0,0,0,0,0
/Users/dell/Documents/ClaimSight/ml/data/raw/car-damage-severity-dataset/data3a/training/02-moderate/0054.JPEG,1,0,1,0,0,0,0,0,0,0,0
/Users/dell/Documents/ClaimSight/ml/data/raw/car-damage-assessment/image/728.jpeg,-1,1,0,0,0,0,0,0,0,0,1
/Users/dell/Documents/ClaimSight/ml/data/raw/car-damage-assessment/image/852.jpeg,-1,1,0,0,0,0,0,0,0,0,1
/Users/dell/Documents/ClaimSight/ml/data/raw/car-damage-assessment/image/1257.jpeg,-1,1,0,0,0,0,0,0,0,0,1
/Users/dell/Documents/ClaimSight/ml/data/raw/car-damage-assessment/image/1229.jpeg,-1,1,0,0,0,0,0,0,0,0,1
/Users/dell/Documents/ClaimSight/ml/data/raw/car-damage-severity-dataset/data3a/training/02-moderate/0115.JPEG,1,0,1,0,0,0,0,0,0,0,0
/Users/dell/Documents/ClaimSight/ml/data/raw/car-damage-assessment/image/901.jpeg,-1,1,0,0,0,0,0,0,0,0,1
/Users/dell/Documents/ClaimSight/ml/data/raw/car-damage-severity-dataset/data3a/training/03-severe/0031.JPEG,2,0,1,0,0,0,0,0,0,0,0
/Users/dell/Documents/ClaimSight/ml/data/raw/car-damage-assessment/image/1366.jpeg,-1,1,0,0,0,0,0,0,0,0,1
/Users/dell/Documents/ClaimSight/ml/data/raw/car-damage-severity-dataset/data3a/validation/01-minor/cf1fd966d69f48b89d424463183e8388_thb.jpg,0,0,1,0,0,0,0,0,0,0,0
/Users/dell/Documents/ClaimSight/ml/data/raw/car-damage-severity-dataset/data3a/training/02-moderate/0186.JPEG,1,0,1,0,0,0,0,0,0,0,0
/Users/dell/Documents/ClaimSight/ml/data/raw/car-damage-assessment/image/1053.jpeg,-1,1,0,0,0,0,0,0,0,0,1
/Users/dell/Documents/ClaimSight/ml/data/raw/car-damage-assessment/image/1163.jpeg,-1,1,0,0,0,0,1,0,0,0,0
/Users/dell/Documents/ClaimSight/ml/data/raw/car-damage-severity-dataset/data3a/training/03-severe/0322.JPEG,2,0,1,0,0,0,0,0,0,0,0
/Users/dell/Documents/ClaimSight/ml/data/raw/car-damage-assessment/image/125.jpeg,-1,1,0,0,0,0,0,0,0,0,1
/Users/dell/Documents/ClaimSight/ml/data/raw/car-damage-assessment/image/1207.jpeg,-1,1,0,0,0,0,0,0,0,0,1
/Users/dell/Documents/ClaimSight/ml/data/raw/car-damage-assessment/image/723.jpeg,-1,1,0,0,0,0,0,0,0,0,1
/Users/dell/Documents/ClaimSight/ml/data/raw/car-damage-assessment/image/1187.jpeg,-1,1,0,0,0,0,0,0,0,0,1
/Users/dell/Documents/ClaimSight/ml/data/raw/car-damage-severity-dataset/data3a/training/02-moderate/0263.JPEG,1,0,1,0,0,0,0,0,0,0,0
/Users/dell/Documents/ClaimSight/ml/data/raw/car-damage-severity-dataset/data3a/training/03-severe/0131.JPEG,2,0,1,0,0,0,0,0,0,0,0
/Users/dell/Documents/ClaimSight/ml/data/raw/car-damage-assessment/image/1463.jpeg,-1,1,0,0,0,0,0,0,0,0,1
/Users/dell/Documents/ClaimSight/ml/data/raw/car-damage-severity-dataset/data3a/training/01-minor/images (35).jpeg,0,0,1,0,0,0,0,0,0,0,0
/Users/dell/Documents/ClaimSight/ml/data/raw/car-damage-severity-dataset/data3a/training/01-minor/images (2).jpeg,0,0,1,0,0,0,0,0,0,0,0
/Users/dell/Documents/ClaimSight/ml/data/raw/car-damage-severity-dataset/data3a/training/03-severe/0222.JPEG,2,0,1,0,0,0,0,0,0,0,0
/Users/dell/Documents/ClaimSight/ml/data/raw/car-damage-assessment/image/1231.jpeg,-1,1,0,0,0,0,0,0,0,0,1
/Users/dell/Documents/ClaimSight/ml/data/raw/car-damage-severity-dataset/data3a/validation/01-minor/images (1).jpeg,0,0,1,0,0,0,0,0,0,0,0
/Users/dell/Documents/ClaimSight/ml/data/raw/car-damage-assessment/image/1364.jpeg,-1,1,0,0,0,0,0,0,0,0,1
/Users/dell/Documents/ClaimSight/ml/data/raw/car-damage-assessment/image/399.jpeg,-1,1,0,0,0,0,0,0,0,0,1
/Users/dell/Documents/ClaimSight/ml/data/raw/car-damage-severity-dataset/data3a/training/02-moderate/0256.JPEG,1,0,1,0,0,0,0,0,0,0,0
/Users/dell/Documents/ClaimSight/ml/data/raw/car-damage-severity-dataset/data3a/training/02-moderate/0283.JPEG,1,0,1,0,0,0,0,0,0,0,0
/Users/dell/Documents/ClaimSight/ml/data/raw/car-damage-severity-dataset/data3a/training/03-severe/0251.JPEG,2,0,1,0,0,0,0,0,0,0,0
/Users/dell/Documents/ClaimSight/ml/data/raw/car-damage-assessment/image/1091.jpeg,-1,1,0,0,0,0,1,0,0,0,0
/Users/dell/Documents/ClaimSight/ml/data/raw/car-damage-severity-dataset/data3a/training/01-minor/0052.JPEG,0,0,1,0,0,0,0,0,0,0,0
/Users/dell/Documents/ClaimSight/ml/data/raw/car-damage-assessment/image/769.jpeg,-1,1,0,0,0,0,1,0,0,0,0
/Users/dell/Documents/ClaimSight/ml/data/raw/car-damage-assessment/image/598.jpeg,-1,1,0,0,0,0,0,0,0,0,1
/Users/dell/Documents/ClaimSight/ml/data/raw/car-damage-assessment/image/160.jpeg,-1,1,0,0,0,0,0,0,0,0,1
/Users/dell/Documents/ClaimSight/ml/data/raw/car-damage-assessment/image/503.jpeg,-1,1,0,0,0,0,0,0,0,0,1
/Users/dell/Documents/ClaimSight/ml/data/raw/car-damage-assessment/image/993.jpeg,-1,1,0,0,0,0,0,0,0,0,1
/Users/dell/Documents/ClaimSight/ml/data/raw/car-damage-severity-dataset/data3a/training/01-minor/0013.JPEG,0,0,1,0,0,0,0,0,0,0,0
/Users/dell/Documents/ClaimSight/ml/data/raw/car-damage-assessment/image/612.jpeg,-1,1,0,0,0,0,0,0,0,0,1
/Users/dell/Documents/ClaimSight/ml/data/raw/car-damage-severity-dataset/data3a/training/03-severe/download (8).jpeg,2,0,1,0,0,0,0,0,0,0,0
/Users/dell/Documents/ClaimSight/ml/data/raw/car-damage-assessment/image/1235.jpeg,-1,1,0,0,0,0,0,0,0,0,1
/Users/dell/Documents/ClaimSight/ml/data/raw/car-damage-severity-dataset/data3a/training/02-moderate/0311.jpeg,1,0,1,0,0,0,0,0,0,0,0
/Users/dell/Documents/ClaimSight/ml/data/raw/car-damage-assessment/image/1007.jpeg,-1,1,0,0,0,0,1,0,0,0,0
/Users/dell/Documents/ClaimSight/ml/data/raw/car-damage-severity-dataset/data3a/training/01-minor/0159.JPEG,0,0,1,0,0,0,0,0,0,0,0
/Users/dell/Documents/ClaimSight/ml/data/raw/car-damage-severity-dataset/data3a/training/01-minor/0092.JPEG,0,0,1,0,0,0,0,0,0,0,0
/Users/dell/Documents/ClaimSight/ml/data/raw/car-damage-assessment/image/804.jpeg,-1,1,0,0,0,0,0,0,0,0,1
/Users/dell/Documents/ClaimSight/ml/data/raw/car-damage-severity-dataset/data3a/training/02-moderate/0292.JPEG,1,0,1,0,0,0,0,0,0,0,0
/Users/dell/Documents/ClaimSight/ml/data/raw/car-damage-severity-dataset/data3a/training/02-moderate/0309.JPEG,1,0,1,0,0,0,0,0,0,0,0
/Users/dell/Documents/ClaimSight/ml/data/raw/car-damage-assessment/image/183.jpeg,-1,1,0,0,0,0,0,0,0,0,1
/Users/dell/Documents/ClaimSight/ml/data/raw/car-damage-severity-dataset/data3a/training/01-minor/0005.JPEG,0,0,1,0,0,0,0,0,0,0,0
/Users/dell/Documents/ClaimSight/ml/data/raw/car-damage-assessment/image/727.jpeg,-1,1,0,0,0,0,0,0,0,0,1
/Users/dell/Documents/ClaimSight/ml/data/raw/car-damage-severity-dataset/data3a/training/01-minor/images - 2022-12-12T151413.251.jpeg,0,0,1,0,0,0,0,0,0,0,0
/Users/dell/Documents/ClaimSight/ml/data/raw/car-damage-severity-dataset/data3a/training/01-minor/images (5).jpeg,0,0,1,0,0,0,0,0,0,0,0
/Users/dell/Documents/ClaimSight/ml/data/raw/car-damage-assessment/image/144.jpeg,-1,1,0,0,0,0,0,0,0,0,1
/Users/dell/Documents/ClaimSight/ml/data/raw/car-damage-severity-dataset/data3a/training/01-minor/images (93).jpeg,0,0,1,0,0,0,0,0,0,0,0
/Users/dell/Documents/ClaimSight/ml/data/raw/car-damage-severity-dataset/data3a/training/02-moderate/0219.JPEG,1,0,1,0,0,0,0,0,0,0,0
/Users/dell/Documents/ClaimSight/ml/data/raw/car-damage-severity-dataset/data3a/training/03-severe/0204.JPEG,2,0,1,0,0,0,0,0,0,0,0
/Users/dell/Documents/ClaimSight/ml/data/raw/car-damage-severity-dataset/data3a/training/02-moderate/0251.jpeg,1,0,1,0,0,0,0,0,0,0,0
/Users/dell/Documents/ClaimSight/ml/data/raw/car-damage-severity-dataset/data3a/training/03-severe/0225.JPEG,2,0,1,0,0,0,0,0,0,0,0
/Users/dell/Documents/ClaimSight/ml/data/raw/car-damage-assessment/image/906.jpeg,-1,1,0,0,0,0,0,0,0,0,1
/Users/dell/Documents/ClaimSight/ml/data/raw/car-damage-severity-dataset/data3a/training/02-moderate/0195.JPEG,1,0,1,0,0,0,0,0,0,0,0
/Users/dell/Documents/ClaimSight/ml/data/raw/car-damage-severity-dataset/data3a/training/02-moderate/0201.JPEG,1,0,1,0,0,0,0,0,0,0,0
/Users/dell/Documents/ClaimSight/ml/data/raw/car-damage-assessment/image/1416.jpeg,-1,1,0,0,0,0,0,0,0,0,1
/Users/dell/Documents/ClaimSight/ml/data/raw/car-damage-severity-dataset/data3a/training/03-severe/0270.JPEG,2,0,1,0,0,0,0,0,0,0,0
/Users/dell/Documents/ClaimSight/ml/data/raw/car-damage-assessment/image/846.jpeg,-1,1,0,0,0,0,0,0,0,0,1
/Users/dell/Documents/ClaimSight/ml/data/raw/car-damage-severity-dataset/data3a/validation/03-severe/images (28).jpeg,2,0,1,0,0,0,0,0,0,0,0
/Users/dell/Documents/ClaimSight/ml/data/raw/car-damage-assessment/image/1130.jpeg,-1,1,0,0,0,0,0,0,0,0,1
/Users/dell/Documents/ClaimSight/ml/data/raw/car-damage-assessment/image/726.jpeg,-1,1,0,0,0,0,0,0,0,0,1
/Users/dell/Documents/ClaimSight/ml/data/raw/car-damage-severity-dataset/data3a/validation/03-severe/0044.JPEG,2,0,1,0,0,0,0,0,0,0,0
/Users/dell/Documents/ClaimSight/ml/data/raw/car-damage-assessment/image/445.jpeg,-1,1,0,0,0,0,0,0,0,0,1
/Users/dell/Documents/ClaimSight/ml/data/raw/car-damage-severity-dataset/data3a/validation/03-severe/0068.JPEG,2,0,1,0,0,0,0,0,0,0,0
/Users/dell/Documents/ClaimSight/ml/data/raw/car-damage-assessment/image/7.jpeg,-1,1,0,0,0,0,0,0,0,0,1
/Users/dell/Documents/ClaimSight/ml/data/raw/car-damage-assessment/image/1504.jpeg,-1,1,0,0,0,0,0,0,0,0,1
/Users/dell/Documents/ClaimSight/ml/data/raw/car-damage-assessment/image/170.jpeg,-1,1,0,0,0,0,0,0,0,0,1
/Users/dell/Documents/ClaimSight/ml/data/raw/car-damage-severity-dataset/data3a/training/02-moderate/images - 2022-12-12T151412.846.jpeg,1,0,1,0,0,0,0,0,0,0,0
/Users/dell/Documents/ClaimSight/ml/data/raw/car-damage-assessment/image/756.jpeg,-1,1,0,0,0,0,0,0,0,0,1
/Users/dell/Documents/ClaimSight/ml/data/raw/car-damage-severity-dataset/data3a/training/03-severe/0318.JPEG,2,0,1,0,0,0,0,0,0,0,0
/Users/dell/Documents/ClaimSight/ml/data/raw/car-damage-severity-dataset/data3a/training/02-moderate/0259.JPEG,1,0,1,0,0,0,0,0,0,0,0
/Users/dell/Documents/ClaimSight/ml/data/raw/car-damage-severity-dataset/data3a/training/02-moderate/0183.JPEG,1,0,1,0,0,0,0,0,0,0,0
/Users/dell/Documents/ClaimSight/ml/data/raw/car-damage-severity-dataset/data3a/training/03-severe/images (39).jpeg,2,0,1,0,0,0,0,0,0,0,0
/Users/dell/Documents/ClaimSight/ml/data/raw/car-damage-severity-dataset/data3a/training/03-severe/0328.JPEG,2,0,1,0,0,0,0,0,0,0,0
/Users/dell/Documents/ClaimSight/ml/data/raw/car-damage-severity-dataset/data3a/training/01-minor/0157.JPEG,0,0,1,0,0,0,0,0,0,0,0
/Users/dell/Documents/ClaimSight/ml/data/raw/car-damage-severity-dataset/data3a/training/03-severe/0296.JPEG,2,0,1,0,0,0,0,0,0,0,0
/Users/dell/Documents/ClaimSight/ml/data/raw/car-damage-severity-dataset/data3a/training/03-severe/0252.JPEG,2,0,1,0,0,0,0,0,0,0,0
/Users/dell/Documents/ClaimSight/ml/data/raw/car-damage-assessment/image/1445.jpeg,-1,1,0,0,0,0,0,0,0,0,1
/Users/dell/Documents/ClaimSight/ml/data/raw/car-damage-assessment/image/20.jpeg,-1,1,0,0,0,0,0,0,0,0,1
/Users/dell/Documents/ClaimSight/ml/data/raw/car-damage-assessment/image/1492.jpeg,-1,1,0,0,0,0,0,0,0,0,1
/Users/dell/Documents/ClaimSight/ml/data/raw/car-damage-assessment/image/840.jpeg,-1,1,0,0,0,0,0,0,0,0,1
/Users/dell/Documents/ClaimSight/ml/data/raw/car-damage-assessment/image/1374.jpeg,-1,1,0,0,0,0,0,0,0,0,1
/Users/dell/Documents/ClaimSight/ml/data/raw/car-damage-assessment/image/539.jpeg,-1,1,0,0,0,0,0,0,0,0,1
/Users/dell/Documents/ClaimSight/ml/data/raw/car-damage-severity-dataset/data3a/validation/02-moderate/0009.JPEG,1,0,1,0,0,0,0,0,0,0,0
/Users/dell/Documents/ClaimSight/ml/data/raw/car-damage-severity-dataset/data3a/validation/03-severe/0056.JPEG,2,0,1,0,0,0,0,0,0,0,0
/Users/dell/Documents/ClaimSight/ml/data/raw/car-damage-severity-dataset/data3a/validation/02-moderate/da7301dfd988492fb368ad5102fbf708_thb.jpg,1,0,1,0,0,0,0,0,0,0,0
/Users/dell/Documents/ClaimSight/ml/data/raw/car-damage-severity-dataset/data3a/training/02-moderate/images (46).jpeg,1,0,1,0,0,0,0,0,0,0,0
/Users/dell/Documents/ClaimSight/ml/data/raw/car-damage-severity-dataset/data3a/training/02-moderate/0294.JPEG,1,0,1,0,0,0,0,0,0,0,0
/Users/dell/Documents/ClaimSight/ml/data/raw/car-damage-assessment/image/274.jpeg,-1,1,0,0,0,0,0,0,0,0,1
/Users/dell/Documents/ClaimSight/ml/data/raw/car-damage-severity-dataset/data3a/validation/02-moderate/0006.JPEG,1,0,1,0,0,0,0,0,0,0,0
/Users/dell/Documents/ClaimSight/ml/data/raw/car-damage-assessment/image/1398.jpeg,-1,1,0,0,0,0,0,0,0,0,1
/Users/dell/Documents/ClaimSight/ml/data/raw/car-damage-severity-dataset/data3a/training/01-minor/download (3).jpeg,0,0,1,0,0,0,0,0,0,0,0
/Users/dell/Documents/ClaimSight/ml/data/raw/car-damage-severity-dataset/data3a/training/03-severe/0048.JPEG,2,0,1,0,0,0,0,0,0,0,0
/Users/dell/Documents/ClaimSight/ml/data/raw/car-damage-assessment/image/40.jpeg,-1,1,0,0,0,0,0,0,0,0,1
/Users/dell/Documents/ClaimSight/ml/data/raw/car-damage-assessment/image/735.jpeg,-1,1,0,0,0,0,0,0,0,0,1
/Users/dell/Documents/ClaimSight/ml/data/raw/car-damage-assessment/image/1210.jpeg,-1,1,0,0,0,0,0,0,0,0,1
/Users/dell/Documents/ClaimSight/ml/data/raw/car-damage-assessment/image/104.jpeg,-1,1,0,0,0,0,0,0,0,0,1
/Users/dell/Documents/ClaimSight/ml/data/raw/car-damage-assessment/image/578.jpeg,-1,1,0,0,0,0,0,0,0,0,1
/Users/dell/Documents/ClaimSight/ml/data/raw/car-damage-severity-dataset/data3a/training/02-moderate/0065.JPEG,1,0,1,0,0,0,0,0,0,0,0
/Users/dell/Documents/ClaimSight/ml/data/raw/car-damage-severity-dataset/data3a/training/03-severe/0257.JPEG,2,0,1,0,0,0,0,0,0,0,0
/Users/dell/Documents/ClaimSight/ml/data/raw/car-damage-severity-dataset/data3a/training/02-moderate/0134.JPEG,1,0,1,0,0,0,0,0,0,0,0
/Users/dell/Documents/ClaimSight/ml/data/raw/car-damage-severity-dataset/data3a/validation/03-severe/0028.JPEG,2,0,1,0,0,0,0,0,0,0,0
/Users/dell/Documents/ClaimSight/ml/data/raw/car-damage-severity-dataset/data3a/training/03-severe/0240.JPEG,2,0,1,0,0,0,0,0,0,0,0
/Users/dell/Documents/ClaimSight/ml/data/raw/car-damage-severity-dataset/data3a/training/02-moderate/0155.JPEG,1,0,1,0,0,0,0,0,0,0,0
/Users/dell/Documents/ClaimSight/ml/data/raw/car-damage-severity-dataset/data3a/training/03-severe/0375.JPEG,2,0,1,0,0,0,0,0,0,0,0
/Users/dell/Documents/ClaimSight/ml/data/raw/car-damage-assessment/image/287.jpeg,-1,1,0,0,0,0,0,0,0,0,1
/Users/dell/Documents/ClaimSight/ml/data/raw/car-damage-severity-dataset/data3a/validation/01-minor/0002.JPEG,0,0,1,0,0,0,0,0,0,0,0
/Users/dell/Documents/ClaimSight/ml/data/raw/car-damage-assessment/image/1014.jpeg,-1,1,0,0,0,0,0,0,0,0,1
/Users/dell/Documents/ClaimSight/ml/data/raw/car-damage-severity-dataset/data3a/training/01-minor/images (76).jpeg,0,0,1,0,0,0,0,0,0,0,0
/Users/dell/Documents/ClaimSight/ml/data/raw/car-damage-assessment/image/73.jpeg,-1,1,0,0,0,0,0,0,0,0,1
/Users/dell/Documents/ClaimSight/ml/data/raw/car-damage-severity-dataset/data3a/training/03-severe/0229.JPEG,2,0,1,0,0,0,0,0,0,0,0
/Users/dell/Documents/ClaimSight/ml/data/raw/car-damage-severity-dataset/data3a/training/02-moderate/images (30).jpeg,1,0,1,0,0,0,0,0,0,0,0
/Users/dell/Documents/ClaimSight/ml/data/raw/car-damage-severity-dataset/data3a/training/02-moderate/0125.JPEG,1,0,1,0,0,0,0,0,0,0,0
/Users/dell/Documents/ClaimSight/ml/data/raw/car-damage-severity-dataset/data3a/training/01-minor/0045.JPEG,0,0,1,0,0,0,0,0,0,0,0
/Users/dell/Documents/ClaimSight/ml/data/raw/car-damage-assessment/image/548.jpeg,-1,1,0,0,0,0,0,0,0,0,1
/Users/dell/Documents/ClaimSight/ml/data/raw/car-damage-assessment/image/123.jpeg,-1,1,0,0,0,0,0,0,0,0,1
/Users/dell/Documents/ClaimSight/ml/data/raw/car-damage-severity-dataset/data3a/training/02-moderate/0045.JPEG,1,0,1,0,0,0,0,0,0,0,0
/Users/dell/Documents/ClaimSight/ml/data/raw/car-damage-assessment/image/275.jpeg,-1,1,0,0,0,0,0,0,0,0,1
/Users/dell/Documents/ClaimSight/ml/data/raw/car-damage-severity-dataset/data3a/training/01-minor/download (9).jpeg,0,0,1,0,0,0,0,0,0,0,0
/Users/dell/Documents/ClaimSight/ml/data/raw/car-damage-assessment/image/94.jpeg,-1,1,0,0,0,0,0,0,0,0,1
/Users/dell/Documents/ClaimSight/ml/data/raw/car-damage-severity-dataset/data3a/validation/02-moderate/0022.JPEG,1,0,1,0,0,0,0,0,0,0,0
/Users/dell/Documents/ClaimSight/ml/data/raw/car-damage-severity-dataset/data3a/validation/01-minor/images - 2022-12-13T213955.333.jpeg,0,0,1,0,0,0,0,0,0,0,0
/Users/dell/Documents/ClaimSight/ml/data/raw/car-damage-severity-dataset/data3a/training/01-minor/images - 2022-12-12T151414.520.jpeg,0,0,1,0,0,0,0,0,0,0,0
/Users/dell/Documents/ClaimSight/ml/data/raw/car-damage-assessment/image/209.jpeg,-1,1,0,0,0,0,0,0,0,0,1
/Users/dell/Documents/ClaimSight/ml/data/raw/car-damage-severity-dataset/data3a/training/03-severe/0096.JPEG,2,0,1,0,0,0,0,0,0,0,0
/Users/dell/Documents/ClaimSight/ml/data/raw/car-damage-severity-dataset/data3a/training/01-minor/images (23).jpeg,0,0,1,0,0,0,0,0,0,0,0
/Users/dell/Documents/ClaimSight/ml/data/raw/car-damage-severity-dataset/data3a/training/02-moderate/0168.JPEG,1,0,1,0,0,0,0,0,0,0,0
/Users/dell/Documents/ClaimSight/ml/data/raw/car-damage-assessment/image/1400.jpeg,-1,1,0,0,0,0,0,0,0,0,1
/Users/dell/Documents/ClaimSight/ml/data/raw/car-damage-assessment/image/701.jpeg,-1,1,0,0,0,0,0,0,0,0,1
/Users/dell/Documents/ClaimSight/ml/data/raw/car-damage-assessment/image/850.jpeg,-1,1,0,0,0,0,0,0,0,0,1
/Users/dell/Documents/ClaimSight/ml/data/raw/car-damage-assessment/image/1294.jpeg,-1,1,0,0,0,0,0,0,0,0,1
/Users/dell/Documents/ClaimSight/ml/data/raw/car-damage-severity-dataset/data3a/validation/03-severe/0058.JPEG,2,0,1,0,0,0,0,0,0,0,0
/Users/dell/Documents/ClaimSight/ml/data/raw/car-damage-assessment/image/1036.jpeg,-1,1,0,0,0,0,0,0,0,0,1
/Users/dell/Documents/ClaimSight/ml/data/raw/car-damage-severity-dataset/data3a/validation/03-severe/0032.JPEG,2,0,1,0,0,0,0,0,0,0,0
/Users/dell/Documents/ClaimSight/ml/data/raw/car-damage-severity-dataset/data3a/training/03-severe/0049.jpeg,2,0,1,0,0,0,0,0,0,0,0
/Users/dell/Documents/ClaimSight/ml/data/raw/car-damage-severity-dataset/data3a/training/03-severe/f81d1d37a9e44bc88828f8a6f323b6a8_thb.jpg,2,0,1,0,0,0,0,0,0,0,0
/Users/dell/Documents/ClaimSight/ml/data/raw/car-damage-assessment/image/1120.jpeg,-1,1,0,0,0,0,0,0,0,0,1
/Users/dell/Documents/ClaimSight/ml/data/raw/car-damage-assessment/image/218.jpeg,-1,1,0,0,0,0,0,0,0,0,1
/Users/dell/Documents/ClaimSight/ml/data/raw/car-damage-severity-dataset/data3a/training/02-moderate/0291.JPEG,1,0,1,0,0,0,0,0,0,0,0
/Users/dell/Documents/ClaimSight/ml/data/raw/car-damage-assessment/image/1009.jpeg,-1,1,0,0,0,0,0,0,0,0,1
/Users/dell/Documents/ClaimSight/ml/data/raw/car-damage-assessment/image/1240.jpeg,-1,1,0,0,0,0,0,0,0,0,1
/Users/dell/Documents/ClaimSight/ml/data/raw/car-damage-assessment/image/466.jpeg,-1,1,0,0,0,0,1,0,0,0,0
/Users/dell/Documents/ClaimSight/ml/data/raw/car-damage-assessment/image/642.jpeg,-1,1,0,0,0,0,0,0,0,0,1
/Users/dell/Documents/ClaimSight/ml/data/raw/car-damage-assessment/image/450.jpeg,-1,1,0,0,0,0,0,0,0,0,1
/Users/dell/Documents/ClaimSight/ml/data/raw/car-damage-severity-dataset/data3a/training/03-severe/0124.JPEG,2,0,1,0,0,0,0,0,0,0,0
/Users/dell/Documents/ClaimSight/ml/data/raw/car-damage-severity-dataset/data3a/training/03-severe/images - 2022-12-13T215956.652.jpeg,2,0,1,0,0,0,0,0,0,0,0
/Users/dell/Documents/ClaimSight/ml/data/raw/car-damage-assessment/image/805.jpeg,-1,1,0,0,0,0,0,0,0,0,1
/Users/dell/Documents/ClaimSight/ml/data/raw/car-damage-assessment/image/31.jpeg,-1,1,0,0,0,0,0,0,0,0,1
/Users/dell/Documents/ClaimSight/ml/data/raw/car-damage-assessment/image/1125.jpeg,-1,1,0,0,0,0,0,0,0,0,1
/Users/dell/Documents/ClaimSight/ml/data/raw/car-damage-severity-dataset/data3a/training/01-minor/0130.JPEG,0,0,1,0,0,0,0,0,0,0,0
/Users/dell/Documents/ClaimSight/ml/data/raw/car-damage-assessment/image/1147.jpeg,-1,1,0,0,0,0,0,0,0,0,1
/Users/dell/Documents/ClaimSight/ml/data/raw/car-damage-severity-dataset/data3a/training/02-moderate/0033.JPEG,1,0,1,0,0,0,0,0,0,0,0
/Users/dell/Documents/ClaimSight/ml/data/raw/car-damage-assessment/image/146.jpeg,-1,1,0,0,0,0,0,0,0,0,1
/Users/dell/Documents/ClaimSight/ml/data/raw/car-damage-severity-dataset/data3a/validation/02-moderate/images (60).jpeg,1,0,1,0,0,0,0,0,0,0,0
/Users/dell/Documents/ClaimSight/ml/data/raw/car-damage-assessment/image/242.jpeg,-1,1,0,0,0,0,0,0,0,0,1
/Users/dell/Documents/ClaimSight/ml/data/raw/car-damage-assessment/image/729.jpeg,-1,1,0,0,0,0,0,0,0,0,1
/Users/dell/Documents/ClaimSight/ml/data/raw/car-damage-severity-dataset/data3a/training/01-minor/images (16).jpeg,0,0,1,0,0,0,0,0,0,0,0
/Users/dell/Documents/ClaimSight/ml/data/raw/car-damage-severity-dataset/data3a/training/02-moderate/0098.JPEG,1,0,1,0,0,0,0,0,0,0,0
/Users/dell/Documents/ClaimSight/ml/data/raw/car-damage-assessment/image/762.jpeg,-1,1,0,0,0,0,0,0,0,0,1
/Users/dell/Documents/ClaimSight/ml/data/raw/car-damage-severity-dataset/data3a/validation/01-minor/0037.JPEG,0,0,1,0,0,0,0,0,0,0,0
/Users/dell/Documents/ClaimSight/ml/data/raw/car-damage-severity-dataset/data3a/training/02-moderate/images (91).jpeg,1,0,1,0,0,0,0,0,0,0,0
/Users/dell/Documents/ClaimSight/ml/data/raw/car-damage-severity-dataset/data3a/training/02-moderate/images (39).jpeg,1,0,1,0,0,0,0,0,0,0,0
/Users/dell/Documents/ClaimSight/ml/data/raw/car-damage-severity-dataset/data3a/training/02-moderate/0184.JPEG,1,0,1,0,0,0,0,0,0,0,0
/Users/dell/Documents/ClaimSight/ml/data/raw/car-damage-severity-dataset/data3a/training/03-severe/0383.JPEG,2,0,1,0,0,0,0,0,0,0,0
/Users/dell/Documents/ClaimSight/ml/data/raw/car-damage-severity-dataset/data3a/validation/02-moderate/0021.JPEG,1,0,1,0,0,0,0,0,0,0,0
/Users/dell/Documents/ClaimSight/ml/data/raw/car-damage-severity-dataset/data3a/validation/01-minor/images (84).jpeg,0,0,1,0,0,0,0,0,0,0,0
/Users/dell/Documents/ClaimSight/ml/data/raw/car-damage-assessment/image/45.jpeg,-1,1,0,0,0,0,0,0,0,0,1
/Users/dell/Documents/ClaimSight/ml/data/raw/car-damage-severity-dataset/data3a/training/01-minor/0258.JPEG,0,0,1,0,0,0,0,0,0,0,0
/Users/dell/Documents/ClaimSight/ml/data/raw/car-damage-severity-dataset/data3a/training/01-minor/images (82).jpeg,0,0,1,0,0,0,0,0,0,0,0
/Users/dell/Documents/ClaimSight/ml/data/raw/car-damage-severity-dataset/data3a/training/01-minor/images - 2022-12-12T151418.172.jpeg,0,0,1,0,0,0,0,0,0,0,0
/Users/dell/Documents/ClaimSight/ml/data/raw/car-damage-assessment/image/34.jpeg,-1,1,0,0,0,0,0,0,0,0,1
/Users/dell/Documents/ClaimSight/ml/data/raw/car-damage-severity-dataset/data3a/training/03-severe/0169.JPEG,2,0,1,0,0,0,0,0,0,0,0
/Users/dell/Documents/ClaimSight/ml/data/raw/car-damage-assessment/image/68.jpeg,-1,1,0,0,0,0,1,0,0,0,0
/Users/dell/Documents/ClaimSight/ml/data/raw/car-damage-assessment/image/785.jpeg,-1,1,0,0,0,0,0,0,0,0,1
/Users/dell/Documents/ClaimSight/ml/data/raw/car-damage-assessment/image/1046.jpeg,-1,1,0,0,0,0,0,0,0,0,1
/Users/dell/Documents/ClaimSight/ml/data/raw/car-damage-assessment/image/16.jpeg,-1,1,0,0,0,0,0,0,0,0,1
/Users/dell/Documents/ClaimSight/ml/data/raw/car-damage-assessment/image/429.jpeg,-1,1,0,0,0,0,0,0,0,0,1
/Users/dell/Documents/ClaimSight/ml/data/raw/car-damage-severity-dataset/data3a/training/03-severe/0248.jpeg,2,0,1,0,0,0,0,0,0,0,0
/Users/dell/Documents/ClaimSight/ml/data/raw/car-damage-assessment/image/1251.jpeg,-1,1,0,0,0,0,0,0,0,0,1
/Users/dell/Documents/ClaimSight/ml/data/raw/car-damage-assessment/image/1459.jpeg,-1,1,0,0,0,0,0,0,0,0,1
/Users/dell/Documents/ClaimSight/ml/data/raw/car-damage-severity-dataset/data3a/training/02-moderate/images (70).jpeg,1,0,1,0,0,0,0,0,0,0,0
/Users/dell/Documents/ClaimSight/ml/data/raw/car-damage-assessment/image/1410.jpeg,-1,1,0,0,0,0,0,0,0,0,1
/Users/dell/Documents/ClaimSight/ml/data/raw/car-damage-assessment/image/934.jpeg,-1,1,0,0,0,0,0,0,0,0,1
/Users/dell/Documents/ClaimSight/ml/data/raw/car-damage-severity-dataset/data3a/training/03-severe/images (28).jpeg,2,0,1,0,0,0,0,0,0,0,0
/Users/dell/Documents/ClaimSight/ml/data/raw/car-damage-assessment/image/1136.jpeg,-1,1,0,0,0,0,0,0,0,0,1
/Users/dell/Documents/ClaimSight/ml/data/raw/car-damage-severity-dataset/data3a/validation/03-severe/0012.JPEG,2,0,1,0,0,0,0,0,0,0,0
/Users/dell/Documents/ClaimSight/ml/data/raw/car-damage-assessment/image/575.jpeg,-1,1,0,0,0,0,0,0,0,0,1
/Users/dell/Documents/ClaimSight/ml/data/raw/car-damage-assessment/image/544.jpeg,-1,1,0,0,0,0,0,0,0,0,1
/Users/dell/Documents/ClaimSight/ml/data/raw/car-damage-severity-dataset/data3a/training/01-minor/download (36).jpeg,0,0,1,0,0,0,0,0,0,0,0
/Users/dell/Documents/ClaimSight/ml/data/raw/car-damage-severity-dataset/data3a/training/03-severe/0043.JPEG,2,0,1,0,0,0,0,0,0,0,0
/Users/dell/Documents/ClaimSight/ml/data/raw/car-damage-assessment/image/1339.jpeg,-1,1,0,0,0,0,0,0,0,0,1
/Users/dell/Documents/ClaimSight/ml/data/raw/car-damage-severity-dataset/data3a/training/03-severe/0211.JPEG,2,0,1,0,0,0,0,0,0,0,0
/Users/dell/Documents/ClaimSight/ml/data/raw/car-damage-severity-dataset/data3a/training/03-severe/0337.JPEG,2,0,1,0,0,0,0,0,0,0,0
/Users/dell/Documents/ClaimSight/ml/data/raw/car-damage-assessment/image/228.jpeg,-1,1,0,0,0,0,0,0,0,0,1
/Users/dell/Documents/ClaimSight/ml/data/raw/car-damage-severity-dataset/data3a/training/01-minor/0267.JPEG,0,0,1,0,0,0,0,0,0,0,0
/Users/dell/Documents/ClaimSight/ml/data/raw/car-damage-severity-dataset/data3a/training/02-moderate/images (29).jpeg,1,0,1,0,0,0,0,0,0,0,0
/Users/dell/Documents/ClaimSight/ml/data/raw/car-damage-severity-dataset/data3a/training/02-moderate/0133.JPEG,1,0,1,0,0,0,0,0,0,0,0
/Users/dell/Documents/ClaimSight/ml/data/raw/car-damage-severity-dataset/data3a/training/01-minor/0009.JPEG,0,0,1,0,0,0,0,0,0,0,0
/Users/dell/Documents/ClaimSight/ml/data/raw/car-damage-assessment/image/182.jpeg,-1,1,0,0,0,0,0,0,0,0,1
/Users/dell/Documents/ClaimSight/ml/data/raw/car-damage-severity-dataset/data3a/training/03-severe/0091.JPEG,2,0,1,0,0,0,0,0,0,0,0
/Users/dell/Documents/ClaimSight/ml/data/raw/car-damage-severity-dataset/data3a/training/02-moderate/0143.jpeg,1,0,1,0,0,0,0,0,0,0,0
/Users/dell/Documents/ClaimSight/ml/data/raw/car-damage-assessment/image/946.jpeg,-1,1,0,0,0,0,0,0,0,0,1
/Users/dell/Documents/ClaimSight/ml/data/raw/car-damage-assessment/image/552.jpeg,-1,1,0,0,0,0,0,0,0,0,1
/Users/dell/Documents/ClaimSight/ml/data/raw/car-damage-assessment/image/82.jpeg,-1,1,0,0,0,0,0,0,0,0,1
/Users/dell/Documents/ClaimSight/ml/data/raw/car-damage-assessment/image/384.jpeg,-1,1,0,0,0,0,0,0,0,0,1
/Users/dell/Documents/ClaimSight/ml/data/raw/car-damage-severity-dataset/data3a/training/03-severe/images (93).jpeg,2,0,1,0,0,0,0,0,0,0,0
/Users/dell/Documents/ClaimSight/ml/data/raw/car-damage-assessment/image/1312.jpeg,-1,1,0,0,0,0,0,0,0,0,1
/Users/dell/Documents/ClaimSight/ml/data/raw/car-damage-severity-dataset/data3a/training/01-minor/0152.JPEG,0,0,1,0,0,0,0,0,0,0,0
/Users/dell/Documents/ClaimSight/ml/data/raw/car-damage-assessment/image/1280.jpeg,-1,1,0,0,0,0,0,0,0,0,1
/Users/dell/Documents/ClaimSight/ml/data/raw/car-damage-assessment/image/430.jpeg,-1,1,0,0,0,0,0,0,0,0,1
/Users/dell/Documents/ClaimSight/ml/data/raw/car-damage-assessment/image/1261.jpeg,-1,1,0,0,0,0,0,0,0,0,1
/Users/dell/Documents/ClaimSight/ml/data/raw/car-damage-assessment/image/1509.jpeg,-1,1,0,0,0,0,0,0,0,0,1
/Users/dell/Documents/ClaimSight/ml/data/raw/car-damage-severity-dataset/data3a/validation/01-minor/0020.JPEG,0,0,1,0,0,0,0,0,0,0,0
/Users/dell/Documents/ClaimSight/ml/data/raw/car-damage-severity-dataset/data3a/training/01-minor/0118.JPEG,0,0,1,0,0,0,0,0,0,0,0
/Users/dell/Documents/ClaimSight/ml/data/raw/car-damage-assessment/image/854.jpeg,-1,1,0,0,0,0,0,0,0,0,1
/Users/dell/Documents/ClaimSight/ml/data/raw/car-damage-severity-dataset/data3a/training/02-moderate/0213.JPEG,1,0,1,0,0,0,0,0,0,0,0
/Users/dell/Documents/ClaimSight/ml/data/raw/car-damage-severity-dataset/data3a/training/02-moderate/images (107).jpeg,1,0,1,0,0,0,0,0,0,0,0
/Users/dell/Documents/ClaimSight/ml/data/raw/car-damage-assessment/image/61.jpeg,-1,1,0,0,0,0,0,0,0,0,1
/Users/dell/Documents/ClaimSight/ml/data/raw/car-damage-assessment/image/554.jpeg,-1,1,0,0,0,0,0,0,0,0,1
/Users/dell/Documents/ClaimSight/ml/data/raw/car-damage-assessment/image/65.jpeg,-1,1,0,0,0,0,0,0,0,0,1
/Users/dell/Documents/ClaimSight/ml/data/raw/car-damage-assessment/image/352.jpeg,-1,1,0,0,0,0,0,0,0,0,1
/Users/dell/Documents/ClaimSight/ml/data/raw/car-damage-assessment/image/433.jpeg,-1,1,0,0,0,0,0,0,0,0,1
/Users/dell/Documents/ClaimSight/ml/data/raw/car-damage-assessment/image/926.jpeg,-1,1,0,0,0,0,0,0,0,0,1
/Users/dell/Documents/ClaimSight/ml/data/raw/car-damage-severity-dataset/data3a/validation/02-moderate/0046.JPEG,1,0,1,0,0,0,0,0,0,0,0
/Users/dell/Documents/ClaimSight/ml/data/raw/car-damage-assessment/image/628.jpeg,-1,1,0,0,0,0,0,0,0,0,1
/Users/dell/Documents/ClaimSight/ml/data/raw/car-damage-severity-dataset/data3a/training/03-severe/0063.JPEG,2,0,1,0,0,0,0,0,0,0,0
/Users/dell/Documents/ClaimSight/ml/data/raw/car-damage-severity-dataset/data3a/validation/02-moderate/0014.JPEG,1,0,1,0,0,0,0,0,0,0,0
/Users/dell/Documents/ClaimSight/ml/data/raw/car-damage-assessment/image/405.jpeg,-1,1,0,0,0,0,0,0,0,0,1
/Users/dell/Documents/ClaimSight/ml/data/raw/car-damage-severity-dataset/data3a/training/03-severe/0115.JPEG,2,0,1,0,0,0,0,0,0,0,0
/Users/dell/Documents/ClaimSight/ml/data/raw/car-damage-assessment/image/1153.jpeg,-1,1,0,0,0,0,0,0,0,0,1
/Users/dell/Documents/ClaimSight/ml/data/raw/car-damage-severity-dataset/data3a/validation/01-minor/0035.JPEG,0,0,1,0,0,0,0,0,0,0,0
/Users/dell/Documents/ClaimSight/ml/data/raw/car-damage-severity-dataset/data3a/training/01-minor/images (21).jpeg,0,0,1,0,0,0,0,0,0,0,0
/Users/dell/Documents/ClaimSight/ml/data/raw/car-damage-severity-dataset/data3a/training/01-minor/0115.JPEG,0,0,1,0,0,0,0,0,0,0,0
/Users/dell/Documents/ClaimSight/ml/data/raw/car-damage-assessment/image/619.jpeg,-1,1,0,0,0,0,0,0,0,0,1
/Users/dell/Documents/ClaimSight/ml/data/raw/car-damage-severity-dataset/data3a/training/02-moderate/images (96).jpeg,1,0,1,0,0,0,0,0,0,0,0
/Users/dell/Documents/ClaimSight/ml/data/raw/car-damage-assessment/image/1419.jpeg,-1,1,0,0,0,0,0,0,0,0,1
/Users/dell/Documents/ClaimSight/ml/data/raw/car-damage-severity-dataset/data3a/validation/01-minor/0036.JPEG,0,0,1,0,0,0,0,0,0,0,0
/Users/dell/Documents/ClaimSight/ml/data/raw/car-damage-assessment/image/135.jpeg,-1,1,0,0,0,0,0,0,0,0,1
/Users/dell/Documents/ClaimSight/ml/data/raw/car-damage-severity-dataset/data3a/validation/02-moderate/0035.JPEG,1,0,1,0,0,0,0,0,0,0,0
/Users/dell/Documents/ClaimSight/ml/data/raw/car-damage-severity-dataset/data3a/training/02-moderate/0232.JPEG,1,0,1,0,0,0,0,0,0,0,0
/Users/dell/Documents/ClaimSight/ml/data/raw/car-damage-severity-dataset/data3a/validation/01-minor/images - 2022-12-13T213954.983.jpeg,0,0,1,0,0,0,0,0,0,0,0
/Users/dell/Documents/ClaimSight/ml/data/raw/car-damage-severity-dataset/data3a/training/01-minor/0185.JPEG,0,0,1,0,0,0,0,0,0,0,0
/Users/dell/Documents/ClaimSight/ml/data/raw/car-damage-assessment/image/1064.jpeg,-1,1,0,0,0,0,0,0,0,0,1
/Users/dell/Documents/ClaimSight/ml/data/raw/car-damage-severity-dataset/data3a/training/01-minor/0241.JPEG,0,0,1,0,0,0,0,0,0,0,0
/Users/dell/Documents/ClaimSight/ml/data/raw/car-damage-severity-dataset/data3a/training/02-moderate/images (54).jpeg,1,0,1,0,0,0,0,0,0,0,0
/Users/dell/Documents/ClaimSight/ml/data/raw/car-damage-severity-dataset/data3a/training/01-minor/images (34).jpeg,0,0,1,0,0,0,0,0,0,0,0
/Users/dell/Documents/ClaimSight/ml/data/raw/car-damage-assessment/image/119.jpeg,-1,1,0,0,0,0,0,0,0,0,1
/Users/dell/Documents/ClaimSight/ml/data/raw/car-damage-severity-dataset/data3a/training/02-moderate/0126.JPEG,1,0,1,0,0,0,0,0,0,0,0
/Users/dell/Documents/ClaimSight/ml/data/raw/car-damage-assessment/image/532.jpeg,-1,1,0,0,0,0,0,0,0,0,1
/Users/dell/Documents/ClaimSight/ml/data/raw/car-damage-assessment/image/1460.jpeg,-1,1,0,0,0,0,0,0,0,0,1
/Users/dell/Documents/ClaimSight/ml/data/raw/car-damage-severity-dataset/data3a/training/02-moderate/images (75).jpeg,1,0,1,0,0,0,0,0,0,0,0
/Users/dell/Documents/ClaimSight/ml/data/raw/car-damage-assessment/image/535.jpeg,-1,1,0,0,0,0,0,0,0,0,1
/Users/dell/Documents/ClaimSight/ml/data/raw/car-damage-assessment/image/976.jpeg,-1,1,0,0,0,0,0,0,0,0,1
/Users/dell/Documents/ClaimSight/ml/data/raw/car-damage-assessment/image/1203.jpeg,-1,1,0,0,0,0,0,0,0,0,1
/Users/dell/Documents/ClaimSight/ml/data/raw/car-damage-severity-dataset/data3a/training/02-moderate/e4ee5ca6a91c45a583aec23c0e7f2b3e_thb.jpg,1,0,1,0,0,0,0,0,0,0,0
/Users/dell/Documents/ClaimSight/ml/data/raw/car-damage-severity-dataset/data3a/training/01-minor/0067.JPEG,0,0,1,0,0,0,0,0,0,0,0
/Users/dell/Documents/ClaimSight/ml/data/raw/car-damage-severity-dataset/data3a/training/02-moderate/0023.JPEG,1,0,1,0,0,0,0,0,0,0,0
/Users/dell/Documents/ClaimSight/ml/data/raw/car-damage-assessment/image/1330.jpeg,-1,1,0,0,0,0,0,0,0,0,1
/Users/dell/Documents/ClaimSight/ml/data/raw/car-damage-assessment/image/114.jpeg,-1,1,0,0,0,0,0,0,0,0,1
/Users/dell/Documents/ClaimSight/ml/data/raw/car-damage-assessment/image/1442.jpeg,-1,1,0,0,0,0,1,0,0,0,0
/Users/dell/Documents/ClaimSight/ml/data/raw/car-damage-severity-dataset/data3a/training/03-severe/0003.JPEG,2,0,1,0,0,0,0,0,0,0,0
/Users/dell/Documents/ClaimSight/ml/data/raw/car-damage-severity-dataset/data3a/training/02-moderate/0305.JPEG,1,0,1,0,0,0,0,0,0,0,0
/Users/dell/Documents/ClaimSight/ml/data/raw/car-damage-assessment/image/540.jpeg,-1,1,0,0,0,0,0,0,0,0,1
/Users/dell/Documents/ClaimSight/ml/data/raw/car-damage-assessment/image/662.jpeg,-1,1,0,0,0,0,0,0,0,0,1
/Users/dell/Documents/ClaimSight/ml/data/raw/car-damage-assessment/image/825.jpeg,-1,1,0,0,0,0,1,0,0,0,0
/Users/dell/Documents/ClaimSight/ml/data/raw/car-damage-severity-dataset/data3a/training/02-moderate/images - 2022-12-12T151414.228.jpeg,1,0,1,0,0,0,0,0,0,0,0
/Users/dell/Documents/ClaimSight/ml/data/raw/car-damage-severity-dataset/data3a/training/02-moderate/0247.JPEG,1,0,1,0,0,0,0,0,0,0,0
/Users/dell/Documents/ClaimSight/ml/data/raw/car-damage-severity-dataset/data3a/training/01-minor/images (99).jpeg,0,0,1,0,0,0,0,0,0,0,0
/Users/dell/Documents/ClaimSight/ml/data/raw/car-damage-severity-dataset/data3a/training/01-minor/0260.JPEG,0,0,1,0,0,0,0,0,0,0,0
/Users/dell/Documents/ClaimSight/ml/data/raw/car-damage-severity-dataset/data3a/training/03-severe/0304.JPEG,2,0,1,0,0,0,0,0,0,0,0
/Users/dell/Documents/ClaimSight/ml/data/raw/car-damage-assessment/image/1469.jpeg,-1,1,0,0,0,0,0,0,0,0,1
/Users/dell/Documents/ClaimSight/ml/data/raw/car-damage-assessment/image/1107.jpeg,-1,1,0,0,0,0,0,0,0,0,1
/Users/dell/Documents/ClaimSight/ml/data/raw/car-damage-assessment/image/425.jpeg,-1,1,0,0,0,0,1,0,0,0,0
/Users/dell/Documents/ClaimSight/ml/data/raw/car-damage-assessment/image/939.jpeg,-1,1,0,0,0,0,0,0,0,0,1
/Users/dell/Documents/ClaimSight/ml/data/raw/car-damage-assessment/image/916.jpeg,-1,1,0,0,0,0,0,0,0,0,1
/Users/dell/Documents/ClaimSight/ml/data/raw/car-damage-severity-dataset/data3a/training/01-minor/images (32).jpeg,0,0,1,0,0,0,0,0,0,0,0
/Users/dell/Documents/ClaimSight/ml/data/raw/car-damage-severity-dataset/data3a/training/02-moderate/0124.JPEG,1,0,1,0,0,0,0,0,0,0,0
/Users/dell/Documents/ClaimSight/ml/data/raw/car-damage-assessment/image/826.jpeg,-1,1,0,0,0,0,0,0,0,0,1
/Users/dell/Documents/ClaimSight/ml/data/raw/car-damage-severity-dataset/data3a/training/02-moderate/0018.JPEG,1,0,1,0,0,0,0,0,0,0,0
/Users/dell/Documents/ClaimSight/ml/data/raw/car-damage-assessment/image/224.jpeg,-1,1,0,0,0,0,0,0,0,0,1
/Users/dell/Documents/ClaimSight/ml/data/raw/car-damage-assessment/image/226.jpeg,-1,1,0,0,0,0,1,0,0,0,0
/Users/dell/Documents/ClaimSight/ml/data/raw/car-damage-assessment/image/629.jpeg,-1,1,0,0,0,0,0,0,0,0,1
/Users/dell/Documents/ClaimSight/ml/data/raw/car-damage-assessment/image/376.jpeg,-1,1,0,0,0,0,0,0,0,0,1
/Users/dell/Documents/ClaimSight/ml/data/raw/car-damage-assessment/image/684.jpeg,-1,1,0,0,0,0,0,0,0,0,1
/Users/dell/Documents/ClaimSight/ml/data/raw/car-damage-assessment/image/120.jpeg,-1,1,0,0,0,0,0,0,0,0,1
/Users/dell/Documents/ClaimSight/ml/data/raw/car-damage-severity-dataset/data3a/training/02-moderate/0165.JPEG,1,0,1,0,0,0,0,0,0,0,0
/Users/dell/Documents/ClaimSight/ml/data/raw/car-damage-assessment/image/514.jpeg,-1,1,0,0,0,0,1,0,0,0,0
/Users/dell/Documents/ClaimSight/ml/data/raw/car-damage-assessment/image/827.jpeg,-1,1,0,0,0,0,0,0,0,0,1
/Users/dell/Documents/ClaimSight/ml/data/raw/car-damage-assessment/image/1006.jpeg,-1,1,0,0,0,0,0,0,0,0,1
/Users/dell/Documents/ClaimSight/ml/data/raw/car-damage-assessment/image/1169.jpeg,-1,1,0,0,0,0,0,0,0,0,1
/Users/dell/Documents/ClaimSight/ml/data/raw/car-damage-assessment/image/476.jpeg,-1,1,0,0,0,0,0,0,0,0,1
/Users/dell/Documents/ClaimSight/ml/data/raw/car-damage-assessment/image/943.jpeg,-1,1,0,0,0,0,0,0,0,0,1
/Users/dell/Documents/ClaimSight/ml/data/raw/car-damage-assessment/image/834.jpeg,-1,1,0,0,0,0,0,0,0,0,1
/Users/dell/Documents/ClaimSight/ml/data/raw/car-damage-assessment/image/888.jpeg,-1,1,0,0,0,0,0,0,0,0,1
/Users/dell/Documents/ClaimSight/ml/data/raw/car-damage-assessment/image/368.jpeg,-1,1,0,0,0,0,0,0,0,0,1
/Users/dell/Documents/ClaimSight/ml/data/raw/car-damage-severity-dataset/data3a/training/02-moderate/images (78).jpeg,1,0,1,0,0,0,0,0,0,0,0
/Users/dell/Documents/ClaimSight/ml/data/raw/car-damage-assessment/image/11.jpeg,-1,1,0,0,0,0,0,0,0,0,1
/Users/dell/Documents/ClaimSight/ml/data/raw/car-damage-assessment/image/1089.jpeg,-1,1,0,0,0,0,0,0,0,0,1
/Users/dell/Documents/ClaimSight/ml/data/raw/car-damage-severity-dataset/data3a/training/02-moderate/0194.JPEG,1,0,1,0,0,0,0,0,0,0,0
/Users/dell/Documents/ClaimSight/ml/data/raw/car-damage-severity-dataset/data3a/validation/01-minor/images (42).jpeg,0,0,1,0,0,0,0,0,0,0,0
/Users/dell/Documents/ClaimSight/ml/data/raw/car-damage-assessment/image/875.jpeg,-1,1,0,0,0,0,0,0,0,0,1
/Users/dell/Documents/ClaimSight/ml/data/raw/car-damage-severity-dataset/data3a/training/02-moderate/download (11).jpeg,1,0,1,0,0,0,0,0,0,0,0
/Users/dell/Documents/ClaimSight/ml/data/raw/car-damage-assessment/image/457.jpeg,-1,1,0,0,0,0,0,0,0,0,1
/Users/dell/Documents/ClaimSight/ml/data/raw/car-damage-severity-dataset/data3a/training/03-severe/0040.JPEG,2,0,1,0,0,0,0,0,0,0,0
/Users/dell/Documents/ClaimSight/ml/data/raw/car-damage-assessment/image/392.jpeg,-1,1,0,0,0,0,0,0,0,0,1
/Users/dell/Documents/ClaimSight/ml/data/raw/car-damage-assessment/image/1037.jpeg,-1,1,0,0,0,0,0,0,0,0,1
/Users/dell/Documents/ClaimSight/ml/data/raw/car-damage-severity-dataset/data3a/training/03-severe/0187.JPEG,2,0,1,0,0,0,0,0,0,0,0
/Users/dell/Documents/ClaimSight/ml/data/raw/car-damage-severity-dataset/data3a/validation/02-moderate/0024.jpeg,1,0,1,0,0,0,0,0,0,0,0
/Users/dell/Documents/ClaimSight/ml/data/raw/car-damage-severity-dataset/data3a/training/02-moderate/0100.JPEG,1,0,1,0,0,0,0,0,0,0,0
/Users/dell/Documents/ClaimSight/ml/data/raw/car-damage-severity-dataset/data3a/training/01-minor/4875af79812244aca89fcef6e9d0dd9e_thb.jpg,0,0,1,0,0,0,0,0,0,0,0
/Users/dell/Documents/ClaimSight/ml/data/raw/car-damage-assessment/image/1146.jpeg,-1,1,0,0,0,0,0,0,0,0,1
/Users/dell/Documents/ClaimSight/ml/data/raw/car-damage-severity-dataset/data3a/training/03-severe/0130.JPEG,2,0,1,0,0,0,0,0,0,0,0
/Users/dell/Documents/ClaimSight/ml/data/raw/car-damage-severity-dataset/data3a/training/02-moderate/0081.JPEG,1,0,1,0,0,0,0,0,0,0,0
/Users/dell/Documents/ClaimSight/ml/data/raw/car-damage-severity-dataset/data3a/training/01-minor/images (74).jpeg,0,0,1,0,0,0,0,0,0,0,0
/Users/dell/Documents/ClaimSight/ml/data/raw/car-damage-severity-dataset/data3a/training/01-minor/0255.JPEG,0,0,1,0,0,0,0,0,0,0,0
/Users/dell/Documents/ClaimSight/ml/data/raw/car-damage-assessment/image/912.jpeg,-1,1,0,0,0,0,0,0,0,0,1
/Users/dell/Documents/ClaimSight/ml/data/raw/car-damage-severity-dataset/data3a/training/03-severe/0330.JPEG,2,0,1,0,0,0,0,0,0,0,0
/Users/dell/Documents/ClaimSight/ml/data/raw/car-damage-assessment/image/437.jpeg,-1,1,0,0,0,0,0,0,0,0,1
/Users/dell/Documents/ClaimSight/ml/data/raw/car-damage-assessment/image/415.jpeg,-1,1,0,0,0,0,0,0,0,0,1
/Users/dell/Documents/ClaimSight/ml/data/raw/car-damage-severity-dataset/data3a/training/03-severe/0338.JPEG,2,0,1,0,0,0,0,0,0,0,0
/Users/dell/Documents/ClaimSight/ml/data/raw/car-damage-severity-dataset/data3a/training/02-moderate/dbd9de5e80a340c6a775a647ab32b27f_thb.jpg,1,0,1,0,0,0,0,0,0,0,0
/Users/dell/Documents/ClaimSight/ml/data/raw/car-damage-severity-dataset/data3a/training/03-severe/0250.JPEG,2,0,1,0,0,0,0,0,0,0,0
/Users/dell/Documents/ClaimSight/ml/data/raw/car-damage-severity-dataset/data3a/training/02-moderate/0280.JPEG,1,0,1,0,0,0,0,0,0,0,0
/Users/dell/Documents/ClaimSight/ml/data/raw/car-damage-assessment/image/1082.jpeg,-1,1,0,0,0,0,0,0,0,0,1
/Users/dell/Documents/ClaimSight/ml/data/raw/car-damage-assessment/image/781.jpeg,-1,1,0,0,0,0,0,0,0,0,1
/Users/dell/Documents/ClaimSight/ml/data/raw/car-damage-assessment/image/1071.jpeg,-1,1,0,0,0,0,0,0,0,0,1
/Users/dell/Documents/ClaimSight/ml/data/raw/car-damage-severity-dataset/data3a/training/03-severe/0281.JPEG,2,0,1,0,0,0,0,0,0,0,0
/Users/dell/Documents/ClaimSight/ml/data/raw/car-damage-assessment/image/713.jpeg,-1,1,0,0,0,0,0,0,0,0,1
/Users/dell/Documents/ClaimSight/ml/data/raw/car-damage-severity-dataset/data3a/training/03-severe/0065.JPEG,2,0,1,0,0,0,0,0,0,0,0
/Users/dell/Documents/ClaimSight/ml/data/raw/car-damage-severity-dataset/data3a/training/02-moderate/0046.JPEG,1,0,1,0,0,0,0,0,0,0,0
/Users/dell/Documents/ClaimSight/ml/data/raw/car-damage-severity-dataset/data3a/training/02-moderate/images (93).jpeg,1,0,1,0,0,0,0,0,0,0,0
/Users/dell/Documents/ClaimSight/ml/data/raw/car-damage-assessment/image/1165.jpeg,-1,1,0,0,0,0,0,0,0,0,1
/Users/dell/Documents/ClaimSight/ml/data/raw/car-damage-assessment/image/1473.jpeg,-1,1,0,0,0,0,1,0,0,0,0
/Users/dell/Documents/ClaimSight/ml/data/raw/car-damage-assessment/image/232.jpeg,-1,1,0,0,0,0,0,0,0,0,1
/Users/dell/Documents/ClaimSight/ml/data/raw/car-damage-severity-dataset/data3a/training/01-minor/0174.JPEG,0,0,1,0,0,0,0,0,0,0,0
/Users/dell/Documents/ClaimSight/ml/data/raw/car-damage-assessment/image/279.jpeg,-1,1,0,0,0,0,0,0,0,0,1
/Users/dell/Documents/ClaimSight/ml/data/raw/car-damage-severity-dataset/data3a/training/03-severe/0353.JPEG,2,0,1,0,0,0,0,0,0,0,0
/Users/dell/Documents/ClaimSight/ml/data/raw/car-damage-severity-dataset/data3a/validation/03-severe/46ba5d744b2d4ce9ac2192cbc340cf56_thb.jpg,2,0,1,0,0,0,0,0,0,0,0
/Users/dell/Documents/ClaimSight/ml/data/raw/car-damage-severity-dataset/data3a/training/01-minor/93a450440c804961b2d6960af17bf605_thb.jpg,0,0,1,0,0,0,0,0,0,0,0
/Users/dell/Documents/ClaimSight/ml/data/raw/car-damage-assessment/image/505.jpeg,-1,1,0,0,0,0,0,0,0,0,1
/Users/dell/Documents/ClaimSight/ml/data/raw/car-damage-severity-dataset/data3a/training/02-moderate/0274.JPEG,1,0,1,0,0,0,0,0,0,0,0
/Users/dell/Documents/ClaimSight/ml/data/raw/car-damage-assessment/image/783.jpeg,-1,1,0,0,0,0,0,0,0,0,1
/Users/dell/Documents/ClaimSight/ml/data/raw/car-damage-assessment/image/656.jpeg,-1,1,0,0,0,0,0,0,0,0,1
/Users/dell/Documents/ClaimSight/ml/data/raw/car-damage-assessment/image/465.jpeg,-1,1,0,0,0,0,0,0,0,0,1
/Users/dell/Documents/ClaimSight/ml/data/raw/car-damage-severity-dataset/data3a/training/02-moderate/0255.JPEG,1,0,1,0,0,0,0,0,0,0,0
/Users/dell/Documents/ClaimSight/ml/data/raw/car-damage-severity-dataset/data3a/training/03-severe/0022.JPEG,2,0,1,0,0,0,0,0,0,0,0
/Users/dell/Documents/ClaimSight/ml/data/raw/car-damage-severity-dataset/data3a/training/03-severe/0080.JPEG,2,0,1,0,0,0,0,0,0,0,0
/Users/dell/Documents/ClaimSight/ml/data/raw/car-damage-severity-dataset/data3a/training/01-minor/0040.JPEG,0,0,1,0,0,0,0,0,0,0,0
/Users/dell/Documents/ClaimSight/ml/data/raw/car-damage-assessment/image/1310.jpeg,-1,1,0,0,0,0,0,0,0,0,1
/Users/dell/Documents/ClaimSight/ml/data/raw/car-damage-assessment/image/803.jpeg,-1,1,0,0,0,0,0,0,0,0,1
/Users/dell/Documents/ClaimSight/ml/data/raw/car-damage-assessment/image/9.jpeg,-1,1,0,0,0,0,0,0,0,0,1
/Users/dell/Documents/ClaimSight/ml/data/raw/car-damage-severity-dataset/data3a/training/01-minor/images (39).jpeg,0,0,1,0,0,0,0,0,0,0,0
/Users/dell/Documents/ClaimSight/ml/data/raw/car-damage-severity-dataset/data3a/training/03-severe/images - 2022-12-13T215957.142.jpeg,2,0,1,0,0,0,0,0,0,0,0
/Users/dell/Documents/ClaimSight/ml/data/raw/car-damage-severity-dataset/data3a/training/02-moderate/0227.JPEG,1,0,1,0,0,0,0,0,0,0,0
/Users/dell/Documents/ClaimSight/ml/data/raw/car-damage-severity-dataset/data3a/training/02-moderate/0013.JPEG,1,0,1,0,0,0,0,0,0,0,0
/Users/dell/Documents/ClaimSight/ml/data/raw/car-damage-severity-dataset/data3a/training/02-moderate/0276.JPEG,1,0,1,0,0,0,0,0,0,0,0
/Users/dell/Documents/ClaimSight/ml/data/raw/car-damage-assessment/image/1421.jpeg,-1,1,0,0,0,0,0,0,0,0,1
/Users/dell/Documents/ClaimSight/ml/data/raw/car-damage-assessment/image/1336.jpeg,-1,1,0,0,0,0,0,0,0,0,1
/Users/dell/Documents/ClaimSight/ml/data/raw/car-damage-assessment/image/427.jpeg,-1,1,0,0,0,0,1,0,0,0,0
/Users/dell/Documents/ClaimSight/ml/data/raw/car-damage-assessment/image/1358.jpeg,-1,1,0,0,0,0,0,0,0,0,1
/Users/dell/Documents/ClaimSight/ml/data/raw/car-damage-severity-dataset/data3a/training/02-moderate/images (85).jpeg,1,0,1,0,0,0,0,0,0,0,0
/Users/dell/Documents/ClaimSight/ml/data/raw/car-damage-assessment/image/1030.jpeg,-1,1,0,0,0,0,0,0,0,0,1
/Users/dell/Documents/ClaimSight/ml/data/raw/car-damage-severity-dataset/data3a/training/01-minor/images (49).jpeg,0,0,1,0,0,0,0,0,0,0,0
/Users/dell/Documents/ClaimSight/ml/data/raw/car-damage-severity-dataset/data3a/training/03-severe/0167.JPEG,2,0,1,0,0,0,0,0,0,0,0
/Users/dell/Documents/ClaimSight/ml/data/raw/car-damage-assessment/image/667.jpeg,-1,1,0,0,0,0,0,0,0,0,1
/Users/dell/Documents/ClaimSight/ml/data/raw/car-damage-assessment/image/91.jpeg,-1,1,0,0,0,0,0,0,0,0,1
/Users/dell/Documents/ClaimSight/ml/data/raw/car-damage-severity-dataset/data3a/training/03-severe/images (18).jpeg,2,0,1,0,0,0,0,0,0,0,0
/Users/dell/Documents/ClaimSight/ml/data/raw/car-damage-assessment/image/410.jpeg,-1,1,0,0,0,0,0,0,0,0,1
/Users/dell/Documents/ClaimSight/ml/data/raw/car-damage-severity-dataset/data3a/training/02-moderate/images - 2022-12-12T151413.195.jpeg,1,0,1,0,0,0,0,0,0,0,0
/Users/dell/Documents/ClaimSight/ml/data/raw/car-damage-severity-dataset/data3a/training/03-severe/0180.JPEG,2,0,1,0,0,0,0,0,0,0,0
/Users/dell/Documents/ClaimSight/ml/data/raw/car-damage-assessment/image/776.jpeg,-1,1,0,0,0,0,0,0,0,0,1
/Users/dell/Documents/ClaimSight/ml/data/raw/car-damage-assessment/image/204.jpeg,-1,1,0,0,0,0,0,0,0,0,1
/Users/dell/Documents/ClaimSight/ml/data/raw/car-damage-severity-dataset/data3a/validation/03-severe/0009.JPEG,2,0,1,0,0,0,0,0,0,0,0
/Users/dell/Documents/ClaimSight/ml/data/raw/car-damage-assessment/image/1302.jpeg,-1,1,0,0,0,0,0,0,0,0,1
/Users/dell/Documents/ClaimSight/ml/data/raw/car-damage-severity-dataset/data3a/training/01-minor/1b449d39f45b45e5b4250f3c54ff9e95_thb.jpg,0,0,1,0,0,0,0,0,0,0,0
/Users/dell/Documents/ClaimSight/ml/data/raw/car-damage-assessment/image/668.jpeg,-1,1,0,0,0,0,0,0,0,0,1
/Users/dell/Documents/ClaimSight/ml/data/raw/car-damage-assessment/image/416.jpeg,-1,1,0,0,0,0,0,0,0,0,1
/Users/dell/Documents/ClaimSight/ml/data/raw/car-damage-severity-dataset/data3a/validation/02-moderate/0054.JPEG,1,0,1,0,0,0,0,0,0,0,0
/Users/dell/Documents/ClaimSight/ml/data/raw/car-damage-assessment/image/949.jpeg,-1,1,0,0,0,0,0,0,0,0,1
/Users/dell/Documents/ClaimSight/ml/data/raw/car-damage-severity-dataset/data3a/training/03-severe/0019.JPEG,2,0,1,0,0,0,0,0,0,0,0
/Users/dell/Documents/ClaimSight/ml/data/raw/car-damage-assessment/image/1447.jpeg,-1,1,0,0,0,0,0,0,0,0,1
/Users/dell/Documents/ClaimSight/ml/data/raw/car-damage-severity-dataset/data3a/training/01-minor/0248.JPEG,0,0,1,0,0,0,0,0,0,0,0
/Users/dell/Documents/ClaimSight/ml/data/raw/car-damage-assessment/image/747.jpeg,-1,1,0,0,0,0,0,0,0,0,1
/Users/dell/Documents/ClaimSight/ml/data/raw/car-damage-severity-dataset/data3a/training/03-severe/0007.JPEG,2,0,1,0,0,0,0,0,0,0,0
/Users/dell/Documents/ClaimSight/ml/data/raw/car-damage-severity-dataset/data3a/training/01-minor/images (72).jpeg,0,0,1,0,0,0,0,0,0,0,0
/Users/dell/Documents/ClaimSight/ml/data/raw/car-damage-assessment/image/338.jpeg,-1,1,0,0,0,0,0,0,0,0,1
/Users/dell/Documents/ClaimSight/ml/data/raw/car-damage-assessment/image/423.jpeg,-1,1,0,0,0,0,0,0,0,0,1
/Users/dell/Documents/ClaimSight/ml/data/raw/car-damage-severity-dataset/data3a/validation/03-severe/images - 2022-12-12T151413.288.jpeg,2,0,1,0,0,0,0,0,0,0,0
/Users/dell/Documents/ClaimSight/ml/data/raw/car-damage-severity-dataset/data3a/training/03-severe/0336.JPEG,2,0,1,0,0,0,0,0,0,0,0
/Users/dell/Documents/ClaimSight/ml/data/raw/car-damage-severity-dataset/data3a/training/03-severe/0140.JPEG,2,0,1,0,0,0,0,0,0,0,0
/Users/dell/Documents/ClaimSight/ml/data/raw/car-damage-severity-dataset/data3a/training/02-moderate/0302.JPEG,1,0,1,0,0,0,0,0,0,0,0
/Users/dell/Documents/ClaimSight/ml/data/raw/car-damage-assessment/image/231.jpeg,-1,1,0,0,0,0,0,0,0,0,1
/Users/dell/Documents/ClaimSight/ml/data/raw/car-damage-severity-dataset/data3a/training/01-minor/0275.JPEG,0,0,1,0,0,0,0,0,0,0,0
/Users/dell/Documents/ClaimSight/ml/data/raw/car-damage-assessment/image/1487.jpeg,-1,1,0,0,0,0,0,0,0,0,1
/Users/dell/Documents/ClaimSight/ml/data/raw/car-damage-severity-dataset/data3a/training/02-moderate/0064.jpeg,1,0,1,0,0,0,0,0,0,0,0
/Users/dell/Documents/ClaimSight/ml/data/raw/car-damage-severity-dataset/data3a/training/03-severe/0055.JPEG,2,0,1,0,0,0,0,0,0,0,0
/Users/dell/Documents/ClaimSight/ml/data/raw/car-damage-severity-dataset/data3a/training/01-minor/0032.JPEG,0,0,1,0,0,0,0,0,0,0,0
/Users/dell/Documents/ClaimSight/ml/data/raw/car-damage-assessment/image/1242.jpeg,-1,1,0,0,0,0,0,0,0,0,1
/Users/dell/Documents/ClaimSight/ml/data/raw/car-damage-assessment/image/1021.jpeg,-1,1,0,0,0,0,0,0,0,0,1
/Users/dell/Documents/ClaimSight/ml/data/raw/car-damage-severity-dataset/data3a/training/03-severe/0023.jpeg,2,0,1,0,0,0,0,0,0,0,0
/Users/dell/Documents/ClaimSight/ml/data/raw/car-damage-severity-dataset/data3a/training/01-minor/0199.JPEG,0,0,1,0,0,0,0,0,0,0,0
/Users/dell/Documents/ClaimSight/ml/data/raw/car-damage-severity-dataset/data3a/validation/03-severe/0003.JPEG,2,0,1,0,0,0,0,0,0,0,0
/Users/dell/Documents/ClaimSight/ml/data/raw/car-damage-severity-dataset/data3a/training/03-severe/0164.JPEG,2,0,1,0,0,0,0,0,0,0,0
/Users/dell/Documents/ClaimSight/ml/data/raw/car-damage-severity-dataset/data3a/validation/02-moderate/0045.JPEG,1,0,1,0,0,0,0,0,0,0,0
/Users/dell/Documents/ClaimSight/ml/data/raw/car-damage-severity-dataset/data3a/training/01-minor/0122.JPEG,0,0,1,0,0,0,0,0,0,0,0
/Users/dell/Documents/ClaimSight/ml/data/raw/car-damage-assessment/image/551.jpeg,-1,1,0,0,0,0,0,0,0,0,1
/Users/dell/Documents/ClaimSight/ml/data/raw/car-damage-assessment/image/206.jpeg,-1,1,0,0,0,0,0,0,0,0,1
/Users/dell/Documents/ClaimSight/ml/data/raw/car-damage-severity-dataset/data3a/training/02-moderate/0295.JPEG,1,0,1,0,0,0,0,0,0,0,0
/Users/dell/Documents/ClaimSight/ml/data/raw/car-damage-assessment/image/490.jpeg,-1,1,0,0,0,0,0,0,0,0,1
/Users/dell/Documents/ClaimSight/ml/data/raw/car-damage-assessment/image/1337.jpeg,-1,1,0,0,0,0,0,0,0,0,1
/Users/dell/Documents/ClaimSight/ml/data/raw/car-damage-severity-dataset/data3a/validation/02-moderate/0053.JPEG,1,0,1,0,0,0,0,0,0,0,0
/Users/dell/Documents/ClaimSight/ml/data/raw/car-damage-severity-dataset/data3a/training/03-severe/0147.JPEG,2,0,1,0,0,0,0,0,0,0,0
/Users/dell/Documents/ClaimSight/ml/data/raw/car-damage-assessment/image/452.jpeg,-1,1,0,0,0,0,0,0,0,0,1
/Users/dell/Documents/ClaimSight/ml/data/raw/car-damage-severity-dataset/data3a/validation/02-moderate/0011.jpeg,1,0,1,0,0,0,0,0,0,0,0
/Users/dell/Documents/ClaimSight/ml/data/raw/car-damage-severity-dataset/data3a/validation/02-moderate/0028.JPEG,1,0,1,0,0,0,0,0,0,0,0
/Users/dell/Documents/ClaimSight/ml/data/raw/car-damage-severity-dataset/data3a/training/03-severe/0212.JPEG,2,0,1,0,0,0,0,0,0,0,0
/Users/dell/Documents/ClaimSight/ml/data/raw/car-damage-assessment/image/1505.jpeg,-1,1,0,0,0,0,0,0,0,0,1
/Users/dell/Documents/ClaimSight/ml/data/raw/car-damage-severity-dataset/data3a/training/01-minor/download (32).jpeg,0,0,1,0,0,0,0,0,0,0,0
/Users/dell/Documents/ClaimSight/ml/data/raw/car-damage-severity-dataset/data3a/training/03-severe/0334.JPEG,2,0,1,0,0,0,0,0,0,0,0
/Users/dell/Documents/ClaimSight/ml/data/raw/car-damage-severity-dataset/data3a/validation/02-moderate/download (21).jpeg,1,0,1,0,0,0,0,0,0,0,0
/Users/dell/Documents/ClaimSight/ml/data/raw/car-damage-assessment/image/1137.jpeg,-1,1,0,0,0,0,0,0,0,0,1
/Users/dell/Documents/ClaimSight/ml/data/raw/car-damage-severity-dataset/data3a/training/02-moderate/images (44).jpeg,1,0,1,0,0,0,0,0,0,0,0
/Users/dell/Documents/ClaimSight/ml/data/raw/car-damage-severity-dataset/data3a/training/02-moderate/0217.JPEG,1,0,1,0,0,0,0,0,0,0,0
/Users/dell/Documents/ClaimSight/ml/data/raw/car-damage-assessment/image/556.jpeg,-1,1,0,0,0,0,0,0,0,0,1
/Users/dell/Documents/ClaimSight/ml/data/raw/car-damage-assessment/image/1506.jpeg,-1,1,0,0,0,0,0,0,0,0,1
/Users/dell/Documents/ClaimSight/ml/data/raw/car-damage-severity-dataset/data3a/training/02-moderate/0192.JPEG,1,0,1,0,0,0,0,0,0,0,0
/Users/dell/Documents/ClaimSight/ml/data/raw/car-damage-severity-dataset/data3a/training/01-minor/0245.jpeg,0,0,1,0,0,0,0,0,0,0,0
/Users/dell/Documents/ClaimSight/ml/data/raw/car-damage-assessment/image/1042.jpeg,-1,1,0,0,0,0,0,0,0,0,1
/Users/dell/Documents/ClaimSight/ml/data/raw/car-damage-severity-dataset/data3a/training/02-moderate/0091.JPEG,1,0,1,0,0,0,0,0,0,0,0
/Users/dell/Documents/ClaimSight/ml/data/raw/car-damage-severity-dataset/data3a/validation/03-severe/images (53).jpeg,2,0,1,0,0,0,0,0,0,0,0
/Users/dell/Documents/ClaimSight/ml/data/raw/car-damage-assessment/image/573.jpeg,-1,1,0,0,0,0,0,0,0,0,1
/Users/dell/Documents/ClaimSight/ml/data/raw/car-damage-severity-dataset/data3a/training/02-moderate/images (62).jpeg,1,0,1,0,0,0,0,0,0,0,0
/Users/dell/Documents/ClaimSight/ml/data/raw/car-damage-severity-dataset/data3a/training/01-minor/download (34).jpeg,0,0,1,0,0,0,0,0,0,0,0
/Users/dell/Documents/ClaimSight/ml/data/raw/car-damage-assessment/image/324.jpeg,-1,1,0,0,0,0,0,0,0,0,1
/Users/dell/Documents/ClaimSight/ml/data/raw/car-damage-assessment/image/500.jpeg,-1,1,0,0,0,0,0,0,0,0,1
/Users/dell/Documents/ClaimSight/ml/data/raw/car-damage-assessment/image/798.jpeg,-1,1,0,0,0,0,0,0,0,0,1
/Users/dell/Documents/ClaimSight/ml/data/raw/car-damage-severity-dataset/data3a/training/03-severe/0151.JPEG,2,0,1,0,0,0,0,0,0,0,0
/Users/dell/Documents/ClaimSight/ml/data/raw/car-damage-assessment/image/830.jpeg,-1,1,0,0,0,0,0,0,0,0,1
/Users/dell/Documents/ClaimSight/ml/data/raw/car-damage-assessment/image/1253.jpeg,-1,1,0,0,0,0,0,0,0,0,1
/Users/dell/Documents/ClaimSight/ml/data/raw/car-damage-assessment/image/1032.jpeg,-1,1,0,0,0,0,1,0,0,0,0
/Users/dell/Documents/ClaimSight/ml/data/raw/car-damage-assessment/image/789.jpeg,-1,1,0,0,0,0,1,0,0,0,0
/Users/dell/Documents/ClaimSight/ml/data/raw/car-damage-assessment/image/304.jpeg,-1,1,0,0,0,0,0,0,0,0,1
/Users/dell/Documents/ClaimSight/ml/data/raw/car-damage-assessment/image/230.jpeg,-1,1,0,0,0,0,0,0,0,0,1
/Users/dell/Documents/ClaimSight/ml/data/raw/car-damage-assessment/image/305.jpeg,-1,1,0,0,0,0,1,0,0,0,0
/Users/dell/Documents/ClaimSight/ml/data/raw/car-damage-severity-dataset/data3a/training/03-severe/0098.JPEG,2,0,1,0,0,0,0,0,0,0,0
/Users/dell/Documents/ClaimSight/ml/data/raw/car-damage-severity-dataset/data3a/training/02-moderate/0144.JPEG,1,0,1,0,0,0,0,0,0,0,0
/Users/dell/Documents/ClaimSight/ml/data/raw/car-damage-assessment/image/252.jpeg,-1,1,0,0,0,0,0,0,0,0,1
/Users/dell/Documents/ClaimSight/ml/data/raw/car-damage-assessment/image/196.jpeg,-1,1,0,0,0,0,1,0,0,0,0
/Users/dell/Documents/ClaimSight/ml/data/raw/car-damage-assessment/image/1485.jpeg,-1,1,0,0,0,0,0,0,0,0,1
/Users/dell/Documents/ClaimSight/ml/data/raw/car-damage-severity-dataset/data3a/training/02-moderate/images - 2022-12-12T151413.301.jpeg,1,0,1,0,0,0,0,0,0,0,0
/Users/dell/Documents/ClaimSight/ml/data/raw/car-damage-severity-dataset/data3a/training/03-severe/0161.JPEG,2,0,1,0,0,0,0,0,0,0,0
/Users/dell/Documents/ClaimSight/ml/data/raw/car-damage-assessment/image/709.jpeg,-1,1,0,0,0,0,0,0,0,0,1
/Users/dell/Documents/ClaimSight/ml/data/raw/car-damage-assessment/image/1496.jpeg,-1,1,0,0,0,0,0,0,0,0,1
/Users/dell/Documents/ClaimSight/ml/data/raw/car-damage-assessment/image/856.jpeg,-1,1,0,0,0,0,0,0,0,0,1
/Users/dell/Documents/ClaimSight/ml/data/raw/car-damage-assessment/image/1025.jpeg,-1,1,0,0,0,0,0,0,0,0,1
/Users/dell/Documents/ClaimSight/ml/data/raw/car-damage-assessment/image/1335.jpeg,-1,1,0,0,0,0,0,0,0,0,1
/Users/dell/Documents/ClaimSight/ml/data/raw/car-damage-severity-dataset/data3a/training/02-moderate/0075.JPEG,1,0,1,0,0,0,0,0,0,0,0
/Users/dell/Documents/ClaimSight/ml/data/raw/car-damage-severity-dataset/data3a/training/01-minor/0061.jpeg,0,0,1,0,0,0,0,0,0,0,0
/Users/dell/Documents/ClaimSight/ml/data/raw/car-damage-assessment/image/1466.jpeg,-1,1,0,0,0,0,0,0,0,0,1
/Users/dell/Documents/ClaimSight/ml/data/raw/car-damage-severity-dataset/data3a/training/03-severe/0207.JPEG,2,0,1,0,0,0,0,0,0,0,0
/Users/dell/Documents/ClaimSight/ml/data/raw/car-damage-severity-dataset/data3a/training/03-severe/0039.JPEG,2,0,1,0,0,0,0,0,0,0,0
/Users/dell/Documents/ClaimSight/ml/data/raw/car-damage-severity-dataset/data3a/training/02-moderate/0250.JPEG,1,0,1,0,0,0,0,0,0,0,0
/Users/dell/Documents/ClaimSight/ml/data/raw/car-damage-severity-dataset/data3a/validation/03-severe/0037.jpeg,2,0,1,0,0,0,0,0,0,0,0
/Users/dell/Documents/ClaimSight/ml/data/raw/car-damage-severity-dataset/data3a/training/01-minor/0197.JPEG,0,0,1,0,0,0,0,0,0,0,0
/Users/dell/Documents/ClaimSight/ml/data/raw/car-damage-assessment/image/1497.jpeg,-1,1,0,0,0,0,0,0,0,0,1
/Users/dell/Documents/ClaimSight/ml/data/raw/car-damage-severity-dataset/data3a/training/02-moderate/0016.JPEG,1,0,1,0,0,0,0,0,0,0,0
/Users/dell/Documents/ClaimSight/ml/data/raw/car-damage-severity-dataset/data3a/training/01-minor/0073.JPEG,0,0,1,0,0,0,0,0,0,0,0
/Users/dell/Documents/ClaimSight/ml/data/raw/car-damage-assessment/image/678.jpeg,-1,1,0,0,0,0,1,0,0,0,0
/Users/dell/Documents/ClaimSight/ml/data/raw/car-damage-assessment/image/1396.jpeg,-1,1,0,0,0,0,1,0,0,0,0
/Users/dell/Documents/ClaimSight/ml/data/raw/car-damage-severity-dataset/data3a/training/03-severe/images (32).jpeg,2,0,1,0,0,0,0,0,0,0,0
/Users/dell/Documents/ClaimSight/ml/data/raw/car-damage-assessment/image/1258.jpeg,-1,1,0,0,0,0,0,0,0,0,1
/Users/dell/Documents/ClaimSight/ml/data/raw/car-damage-assessment/image/1383.jpeg,-1,1,0,0,0,0,0,0,0,0,1
/Users/dell/Documents/ClaimSight/ml/data/raw/car-damage-assessment/image/141.jpeg,-1,1,0,0,0,0,1,0,0,0,0
/Users/dell/Documents/ClaimSight/ml/data/raw/car-damage-assessment/image/1190.jpeg,-1,1,0,0,0,0,0,0,0,0,1
/Users/dell/Documents/ClaimSight/ml/data/raw/car-damage-assessment/image/1181.jpeg,-1,1,0,0,0,0,0,0,0,0,1
/Users/dell/Documents/ClaimSight/ml/data/raw/car-damage-severity-dataset/data3a/training/03-severe/images (16).jpeg,2,0,1,0,0,0,0,0,0,0,0
/Users/dell/Documents/ClaimSight/ml/data/raw/car-damage-severity-dataset/data3a/training/03-severe/0335.JPEG,2,0,1,0,0,0,0,0,0,0,0
/Users/dell/Documents/ClaimSight/ml/data/raw/car-damage-severity-dataset/data3a/training/03-severe/0172.JPEG,2,0,1,0,0,0,0,0,0,0,0
/Users/dell/Documents/ClaimSight/ml/data/raw/car-damage-severity-dataset/data3a/validation/01-minor/images (100).jpeg,0,0,1,0,0,0,0,0,0,0,0
/Users/dell/Documents/ClaimSight/ml/data/raw/car-damage-severity-dataset/data3a/training/03-severe/0155.JPEG,2,0,1,0,0,0,0,0,0,0,0
/Users/dell/Documents/ClaimSight/ml/data/raw/car-damage-severity-dataset/data3a/training/01-minor/0240.JPEG,0,0,1,0,0,0,0,0,0,0,0
/Users/dell/Documents/ClaimSight/ml/data/raw/car-damage-severity-dataset/data3a/training/03-severe/0060.JPEG,2,0,1,0,0,0,0,0,0,0,0
/Users/dell/Documents/ClaimSight/ml/data/raw/car-damage-severity-dataset/data3a/training/03-severe/0287.JPEG,2,0,1,0,0,0,0,0,0,0,0
/Users/dell/Documents/ClaimSight/ml/data/raw/car-damage-severity-dataset/data3a/training/03-severe/0073.JPEG,2,0,1,0,0,0,0,0,0,0,0
/Users/dell/Documents/ClaimSight/ml/data/raw/car-damage-assessment/image/422.jpeg,-1,1,0,0,0,0,0,0,0,0,1
/Users/dell/Documents/ClaimSight/ml/data/raw/car-damage-assessment/image/155.jpeg,-1,1,0,0,0,0,0,0,0,0,1
/Users/dell/Documents/ClaimSight/ml/data/raw/car-damage-severity-dataset/data3a/training/03-severe/0106.JPEG,2,0,1,0,0,0,0,0,0,0,0
/Users/dell/Documents/ClaimSight/ml/data/raw/car-damage-assessment/image/321.jpeg,-1,1,0,0,0,0,0,0,0,0,1
/Users/dell/Documents/ClaimSight/ml/data/raw/car-damage-severity-dataset/data3a/training/01-minor/0046.JPEG,0,0,1,0,0,0,0,0,0,0,0
/Users/dell/Documents/ClaimSight/ml/data/raw/car-damage-assessment/image/19.jpeg,-1,1,0,0,0,0,0,0,0,0,1
/Users/dell/Documents/ClaimSight/ml/data/raw/car-damage-assessment/image/195.jpeg,-1,1,0,0,0,0,1,0,0,0,0
/Users/dell/Documents/ClaimSight/ml/data/raw/car-damage-assessment/image/887.jpeg,-1,1,0,0,0,0,0,0,0,0,1
/Users/dell/Documents/ClaimSight/ml/data/raw/car-damage-severity-dataset/data3a/validation/01-minor/0028.JPEG,0,0,1,0,0,0,0,0,0,0,0
/Users/dell/Documents/ClaimSight/ml/data/raw/car-damage-severity-dataset/data3a/training/03-severe/0267.JPEG,2,0,1,0,0,0,0,0,0,0,0
/Users/dell/Documents/ClaimSight/ml/data/raw/car-damage-severity-dataset/data3a/training/02-moderate/0150.JPEG,1,0,1,0,0,0,0,0,0,0,0
/Users/dell/Documents/ClaimSight/ml/data/raw/car-damage-assessment/image/1122.jpeg,-1,1,0,0,0,0,0,0,0,0,1
/Users/dell/Documents/ClaimSight/ml/data/raw/car-damage-assessment/image/697.jpeg,-1,1,0,0,0,0,0,0,0,0,1
/Users/dell/Documents/ClaimSight/ml/data/raw/car-damage-severity-dataset/data3a/training/01-minor/a64194eb0f4042698385780d79172bb2_thb.jpg,0,0,1,0,0,0,0,0,0,0,0
/Users/dell/Documents/ClaimSight/ml/data/raw/car-damage-assessment/image/1101.jpeg,-1,1,0,0,0,0,1,0,0,0,0
/Users/dell/Documents/ClaimSight/ml/data/raw/car-damage-assessment/image/389.jpeg,-1,1,0,0,0,0,0,0,0,0,1
/Users/dell/Documents/ClaimSight/ml/data/raw/car-damage-severity-dataset/data3a/training/02-moderate/0038.JPEG,1,0,1,0,0,0,0,0,0,0,0
/Users/dell/Documents/ClaimSight/ml/data/raw/car-damage-assessment/image/1436.jpeg,-1,1,0,0,0,0,0,0,0,0,1
/Users/dell/Documents/ClaimSight/ml/data/raw/car-damage-severity-dataset/data3a/training/02-moderate/0146.JPEG,1,0,1,0,0,0,0,0,0,0,0
/Users/dell/Documents/ClaimSight/ml/data/raw/car-damage-severity-dataset/data3a/training/01-minor/0057.JPEG,0,0,1,0,0,0,0,0,0,0,0
/Users/dell/Documents/ClaimSight/ml/data/raw/car-damage-severity-dataset/data3a/training/03-severe/0166.JPEG,2,0,1,0,0,0,0,0,0,0,0
/Users/dell/Documents/ClaimSight/ml/data/raw/car-damage-severity-dataset/data3a/training/01-minor/0177.JPEG,0,0,1,0,0,0,0,0,0,0,0
/Users/dell/Documents/ClaimSight/ml/data/raw/car-damage-severity-dataset/data3a/training/03-severe/0361.JPEG,2,0,1,0,0,0,0,0,0,0,0
/Users/dell/Documents/ClaimSight/ml/data/raw/car-damage-assessment/image/885.jpeg,-1,1,0,0,0,0,0,0,0,0,1
/Users/dell/Documents/ClaimSight/ml/data/raw/car-damage-severity-dataset/data3a/training/03-severe/0085.JPEG,2,0,1,0,0,0,0,0,0,0,0
/Users/dell/Documents/ClaimSight/ml/data/raw/car-damage-severity-dataset/data3a/validation/02-moderate/0038.JPEG,1,0,1,0,0,0,0,0,0,0,0
/Users/dell/Documents/ClaimSight/ml/data/raw/car-damage-severity-dataset/data3a/training/01-minor/0036.JPEG,0,0,1,0,0,0,0,0,0,0,0
/Users/dell/Documents/ClaimSight/ml/data/raw/car-damage-assessment/image/1252.jpeg,-1,1,0,0,0,0,0,0,0,0,1
/Users/dell/Documents/ClaimSight/ml/data/raw/car-damage-severity-dataset/data3a/training/01-minor/0001.JPEG,0,0,1,0,0,0,0,0,0,0,0
/Users/dell/Documents/ClaimSight/ml/data/raw/car-damage-assessment/image/794.jpeg,-1,1,0,0,0,0,0,0,0,0,1
/Users/dell/Documents/ClaimSight/ml/data/raw/car-damage-assessment/image/801.jpeg,-1,1,0,0,0,0,0,0,0,0,1
/Users/dell/Documents/ClaimSight/ml/data/raw/car-damage-severity-dataset/data3a/validation/01-minor/images (60).jpeg,0,0,1,0,0,0,0,0,0,0,0
/Users/dell/Documents/ClaimSight/ml/data/raw/car-damage-severity-dataset/data3a/validation/02-moderate/0052.JPEG,1,0,1,0,0,0,0,0,0,0,0
/Users/dell/Documents/ClaimSight/ml/data/raw/car-damage-severity-dataset/data3a/training/01-minor/0227.JPEG,0,0,1,0,0,0,0,0,0,0,0
/Users/dell/Documents/ClaimSight/ml/data/raw/car-damage-assessment/image/983.jpeg,-1,1,0,0,0,0,0,0,0,0,1
/Users/dell/Documents/ClaimSight/ml/data/raw/car-damage-assessment/image/27.jpeg,-1,1,0,0,0,0,0,0,0,0,1
/Users/dell/Documents/ClaimSight/ml/data/raw/car-damage-severity-dataset/data3a/training/03-severe/0372.JPEG,2,0,1,0,0,0,0,0,0,0,0
/Users/dell/Documents/ClaimSight/ml/data/raw/car-damage-assessment/image/704.jpeg,-1,1,0,0,0,0,0,0,0,0,1
/Users/dell/Documents/ClaimSight/ml/data/raw/car-damage-severity-dataset/data3a/training/01-minor/0117.JPEG,0,0,1,0,0,0,0,0,0,0,0
/Users/dell/Documents/ClaimSight/ml/data/raw/car-damage-severity-dataset/data3a/training/03-severe/0351.JPEG,2,0,1,0,0,0,0,0,0,0,0
/Users/dell/Documents/ClaimSight/ml/data/raw/car-damage-severity-dataset/data3a/training/02-moderate/images (26).jpeg,1,0,1,0,0,0,0,0,0,0,0
/Users/dell/Documents/ClaimSight/ml/data/raw/car-damage-assessment/image/992.jpeg,-1,1,0,0,0,0,0,0,0,0,1
/Users/dell/Documents/ClaimSight/ml/data/raw/car-damage-assessment/image/426.jpeg,-1,1,0,0,0,0,0,0,0,0,1
/Users/dell/Documents/ClaimSight/ml/data/raw/car-damage-severity-dataset/data3a/training/03-severe/0118.JPEG,2,0,1,0,0,0,0,0,0,0,0
/Users/dell/Documents/ClaimSight/ml/data/raw/car-damage-assessment/image/1402.jpeg,-1,1,0,0,0,0,0,0,0,0,1
/Users/dell/Documents/ClaimSight/ml/data/raw/car-damage-severity-dataset/data3a/validation/01-minor/images - 2022-12-13T213955.048.jpeg,0,0,1,0,0,0,0,0,0,0,0
/Users/dell/Documents/ClaimSight/ml/data/raw/car-damage-assessment/image/377.jpeg,-1,1,0,0,0,0,1,0,0,0,0
/Users/dell/Documents/ClaimSight/ml/data/raw/car-damage-assessment/image/17.jpeg,-1,1,0,0,0,0,0,0,0,0,1
/Users/dell/Documents/ClaimSight/ml/data/raw/car-damage-severity-dataset/data3a/training/02-moderate/images (110).jpeg,1,0,1,0,0,0,0,0,0,0,0
/Users/dell/Documents/ClaimSight/ml/data/raw/car-damage-assessment/image/1306.jpeg,-1,1,0,0,0,0,0,0,0,0,1
/Users/dell/Documents/ClaimSight/ml/data/raw/car-damage-assessment/image/904.jpeg,-1,1,0,0,0,0,0,0,0,0,1
/Users/dell/Documents/ClaimSight/ml/data/raw/car-damage-assessment/image/576.jpeg,-1,1,0,0,0,0,0,0,0,0,1
/Users/dell/Documents/ClaimSight/ml/data/raw/car-damage-severity-dataset/data3a/training/01-minor/download (27).jpeg,0,0,1,0,0,0,0,0,0,0,0
/Users/dell/Documents/ClaimSight/ml/data/raw/car-damage-severity-dataset/data3a/validation/03-severe/0039.JPEG,2,0,1,0,0,0,0,0,0,0,0
/Users/dell/Documents/ClaimSight/ml/data/raw/car-damage-assessment/image/545.jpeg,-1,1,0,0,0,0,0,0,0,0,1
/Users/dell/Documents/ClaimSight/ml/data/raw/car-damage-assessment/image/930.jpeg,-1,1,0,0,0,0,0,0,0,0,1
/Users/dell/Documents/ClaimSight/ml/data/raw/car-damage-severity-dataset/data3a/training/01-minor/0064.JPEG,0,0,1,0,0,0,0,0,0,0,0
/Users/dell/Documents/ClaimSight/ml/data/raw/car-damage-assessment/image/1264.jpeg,-1,1,0,0,0,0,0,0,0,0,1
/Users/dell/Documents/ClaimSight/ml/data/raw/car-damage-assessment/image/959.jpeg,-1,1,0,0,0,0,0,0,0,0,1
/Users/dell/Documents/ClaimSight/ml/data/raw/car-damage-assessment/image/607.jpeg,-1,1,0,0,0,0,0,0,0,0,1
/Users/dell/Documents/ClaimSight/ml/data/raw/car-damage-severity-dataset/data3a/validation/02-moderate/0017.JPEG,1,0,1,0,0,0,0,0,0,0,0
/Users/dell/Documents/ClaimSight/ml/data/raw/car-damage-severity-dataset/data3a/training/01-minor/0271.JPEG,0,0,1,0,0,0,0,0,0,0,0
/Users/dell/Documents/ClaimSight/ml/data/raw/car-damage-severity-dataset/data3a/training/01-minor/0087.JPEG,0,0,1,0,0,0,0,0,0,0,0
/Users/dell/Documents/ClaimSight/ml/data/raw/car-damage-severity-dataset/data3a/training/02-moderate/0298.JPEG,1,0,1,0,0,0,0,0,0,0,0
/Users/dell/Documents/ClaimSight/ml/data/raw/car-damage-severity-dataset/data3a/training/02-moderate/0050.JPEG,1,0,1,0,0,0,0,0,0,0,0
/Users/dell/Documents/ClaimSight/ml/data/raw/car-damage-severity-dataset/data3a/training/03-severe/0016.JPEG,2,0,1,0,0,0,0,0,0,0,0
/Users/dell/Documents/ClaimSight/ml/data/raw/car-damage-severity-dataset/data3a/validation/03-severe/0017.JPEG,2,0,1,0,0,0,0,0,0,0,0
/Users/dell/Documents/ClaimSight/ml/data/raw/car-damage-severity-dataset/data3a/training/01-minor/0225.JPEG,0,0,1,0,0,0,0,0,0,0,0
/Users/dell/Documents/ClaimSight/ml/data/raw/car-damage-assessment/image/1013.jpeg,-1,1,0,0,0,0,0,0,0,0,1
/Users/dell/Documents/ClaimSight/ml/data/raw/car-damage-assessment/image/143.jpeg,-1,1,0,0,0,0,0,0,0,0,1
/Users/dell/Documents/ClaimSight/ml/data/raw/car-damage-severity-dataset/data3a/training/01-minor/0238.JPEG,0,0,1,0,0,0,0,0,0,0,0
/Users/dell/Documents/ClaimSight/ml/data/raw/car-damage-severity-dataset/data3a/validation/03-severe/ff6f1e2cd433470f94e54c7aeb7da545_thb.jpg,2,0,1,0,0,0,0,0,0,0,0
/Users/dell/Documents/ClaimSight/ml/data/raw/car-damage-assessment/image/1074.jpeg,-1,1,0,0,0,0,0,0,0,0,1
/Users/dell/Documents/ClaimSight/ml/data/raw/car-damage-assessment/image/152.jpeg,-1,1,0,0,0,0,1,0,0,0,0
/Users/dell/Documents/ClaimSight/ml/data/raw/car-damage-severity-dataset/data3a/training/01-minor/0198.JPEG,0,0,1,0,0,0,0,0,0,0,0
/Users/dell/Documents/ClaimSight/ml/data/raw/car-damage-assessment/image/531.jpeg,-1,1,0,0,0,0,0,0,0,0,1
/Users/dell/Documents/ClaimSight/ml/data/raw/car-damage-severity-dataset/data3a/training/03-severe/0360.JPEG,2,0,1,0,0,0,0,0,0,0,0
/Users/dell/Documents/ClaimSight/ml/data/raw/car-damage-severity-dataset/data3a/validation/01-minor/0023.JPEG,0,0,1,0,0,0,0,0,0,0,0
/Users/dell/Documents/ClaimSight/ml/data/raw/car-damage-severity-dataset/data3a/training/03-severe/0327.JPEG,2,0,1,0,0,0,0,0,0,0,0
/Users/dell/Documents/ClaimSight/ml/data/raw/car-damage-assessment/image/730.jpeg,-1,1,0,0,0,0,0,0,0,0,1
/Users/dell/Documents/ClaimSight/ml/data/raw/car-damage-severity-dataset/data3a/training/01-minor/download (24).jpeg,0,0,1,0,0,0,0,0,0,0,0
/Users/dell/Documents/ClaimSight/ml/data/raw/car-damage-severity-dataset/data3a/training/03-severe/0271.JPEG,2,0,1,0,0,0,0,0,0,0,0
/Users/dell/Documents/ClaimSight/ml/data/raw/car-damage-severity-dataset/data3a/validation/03-severe/0063.JPEG,2,0,1,0,0,0,0,0,0,0,0
/Users/dell/Documents/ClaimSight/ml/data/raw/car-damage-assessment/image/1270.jpeg,-1,1,0,0,0,0,0,0,0,0,1
/Users/dell/Documents/ClaimSight/ml/data/raw/car-damage-assessment/image/1363.jpeg,-1,1,0,0,0,0,0,0,0,0,1
/Users/dell/Documents/ClaimSight/ml/data/raw/car-damage-assessment/image/1121.jpeg,-1,1,0,0,0,0,0,0,0,0,1
/Users/dell/Documents/ClaimSight/ml/data/raw/car-damage-severity-dataset/data3a/training/03-severe/images (53).jpeg,2,0,1,0,0,0,0,0,0,0,0
/Users/dell/Documents/ClaimSight/ml/data/raw/car-damage-assessment/image/1305.jpeg,-1,1,0,0,0,0,0,0,0,0,1
/Users/dell/Documents/ClaimSight/ml/data/raw/car-damage-severity-dataset/data3a/training/01-minor/0213.jpeg,0,0,1,0,0,0,0,0,0,0,0
/Users/dell/Documents/ClaimSight/ml/data/raw/car-damage-severity-dataset/data3a/training/01-minor/0017.JPEG,0,0,1,0,0,0,0,0,0,0,0
/Users/dell/Documents/ClaimSight/ml/data/raw/car-damage-assessment/image/773.jpeg,-1,1,0,0,0,0,0,0,0,0,1
/Users/dell/Documents/ClaimSight/ml/data/raw/car-damage-assessment/image/964.jpeg,-1,1,0,0,0,0,0,0,0,0,1
/Users/dell/Documents/ClaimSight/ml/data/raw/car-damage-severity-dataset/data3a/validation/02-moderate/0039.JPEG,1,0,1,0,0,0,0,0,0,0,0
/Users/dell/Documents/ClaimSight/ml/data/raw/car-damage-severity-dataset/data3a/training/03-severe/0143.JPEG,2,0,1,0,0,0,0,0,0,0,0
/Users/dell/Documents/ClaimSight/ml/data/raw/car-damage-severity-dataset/data3a/training/01-minor/0016.JPEG,0,0,1,0,0,0,0,0,0,0,0
/Users/dell/Documents/ClaimSight/ml/data/raw/car-damage-assessment/image/1507.jpeg,-1,1,0,0,0,0,0,0,0,0,1
/Users/dell/Documents/ClaimSight/ml/data/raw/car-damage-severity-dataset/data3a/training/02-moderate/0085.jpeg,1,0,1,0,0,0,0,0,0,0,0
/Users/dell/Documents/ClaimSight/ml/data/raw/car-damage-assessment/image/99.jpeg,-1,1,0,0,0,0,0,0,0,0,1
/Users/dell/Documents/ClaimSight/ml/data/raw/car-damage-severity-dataset/data3a/validation/02-moderate/0e780a7b917f4ed4ba5d5f4dfd9907d4_thb.jpg,1,0,1,0,0,0,0,0,0,0,0
/Users/dell/Documents/ClaimSight/ml/data/raw/car-damage-assessment/image/121.jpeg,-1,1,0,0,0,0,0,0,0,0,1
/Users/dell/Documents/ClaimSight/ml/data/raw/car-damage-severity-dataset/data3a/training/03-severe/0067.JPEG,2,0,1,0,0,0,0,0,0,0,0
/Users/dell/Documents/ClaimSight/ml/data/raw/car-damage-severity-dataset/data3a/training/03-severe/0190.JPEG,2,0,1,0,0,0,0,0,0,0,0
/Users/dell/Documents/ClaimSight/ml/data/raw/car-damage-severity-dataset/data3a/training/02-moderate/0104.JPEG,1,0,1,0,0,0,0,0,0,0,0
/Users/dell/Documents/ClaimSight/ml/data/raw/car-damage-assessment/image/845.jpeg,-1,1,0,0,0,0,0,0,0,0,1
/Users/dell/Documents/ClaimSight/ml/data/raw/car-damage-severity-dataset/data3a/training/02-moderate/0132.JPEG,1,0,1,0,0,0,0,0,0,0,0
/Users/dell/Documents/ClaimSight/ml/data/raw/car-damage-severity-dataset/data3a/training/01-minor/0228.JPEG,0,0,1,0,0,0,0,0,0,0,0
/Users/dell/Documents/ClaimSight/ml/data/raw/car-damage-assessment/image/966.jpeg,-1,1,0,0,0,0,0,0,0,0,1
/Users/dell/Documents/ClaimSight/ml/data/raw/car-damage-severity-dataset/data3a/validation/03-severe/0067.JPEG,2,0,1,0,0,0,0,0,0,0,0
/Users/dell/Documents/ClaimSight/ml/data/raw/car-damage-assessment/image/1454.jpeg,-1,1,0,0,0,0,0,0,0,0,1
/Users/dell/Documents/ClaimSight/ml/data/raw/car-damage-assessment/image/395.jpeg,-1,1,0,0,0,0,0,0,0,0,1
/Users/dell/Documents/ClaimSight/ml/data/raw/car-damage-severity-dataset/data3a/training/01-minor/0066.JPEG,0,0,1,0,0,0,0,0,0,0,0
/Users/dell/Documents/ClaimSight/ml/data/raw/car-damage-assessment/image/295.jpeg,-1,1,0,0,0,0,0,0,0,0,1
/Users/dell/Documents/ClaimSight/ml/data/raw/car-damage-severity-dataset/data3a/training/03-severe/0123.JPEG,2,0,1,0,0,0,0,0,0,0,0
/Users/dell/Documents/ClaimSight/ml/data/raw/car-damage-severity-dataset/data3a/training/01-minor/download (23).jpeg,0,0,1,0,0,0,0,0,0,0,0
/Users/dell/Documents/ClaimSight/ml/data/raw/car-damage-severity-dataset/data3a/training/02-moderate/0153.JPEG,1,0,1,0,0,0,0,0,0,0,0
/Users/dell/Documents/ClaimSight/ml/data/raw/car-damage-assessment/image/575.jpeg,-1,1,0,0,0,0,0,0,0,0,1
/Users/dell/Documents/ClaimSight/ml/data/raw/car-damage-severity-dataset/data3a/training/02-moderate/download (3).jpeg,1,0,1,0,0,0,0,0,0,0,0
/Users/dell/Documents/ClaimSight/ml/data/raw/car-damage-severity-dataset/data3a/validation/02-moderate/0042.JPEG,1,0,1,0,0,0,0,0,0,0,0
/Users/dell/Documents/ClaimSight/ml/data/raw/car-damage-assessment/image/410.jpeg,-1,1,0,0,0,0,0,0,0,0,1
/Users/dell/Documents/ClaimSight/ml/data/raw/car-damage-assessment/image/46.jpeg,-1,1,0,0,0,0,0,0,0,0,1
/Users/dell/Documents/ClaimSight/ml/data/raw/car-damage-severity-dataset/data3a/training/01-minor/0051.JPEG,0,0,1,0,0,0,0,0,0,0,0
/Users/dell/Documents/ClaimSight/ml/data/raw/car-damage-assessment/image/1241.jpeg,-1,1,0,0,0,0,0,0,0,0,1
/Users/dell/Documents/ClaimSight/ml/data/raw/car-damage-assessment/image/1371.jpeg,-1,1,0,0,0,0,0,0,0,0,1
/Users/dell/Documents/ClaimSight/ml/data/raw/car-damage-severity-dataset/data3a/validation/01-minor/0006.JPEG,0,0,1,0,0,0,0,0,0,0,0
/Users/dell/Documents/ClaimSight/ml/data/raw/car-damage-assessment/image/1184.jpeg,-1,1,0,0,0,0,0,0,0,0,1
/Users/dell/Documents/ClaimSight/ml/data/raw/car-damage-assessment/image/270.jpeg,-1,1,0,0,0,0,0,0,0,0,1
/Users/dell/Documents/ClaimSight/ml/data/raw/car-damage-severity-dataset/data3a/validation/03-severe/0053.JPEG,2,0,1,0,0,0,0,0,0,0,0
/Users/dell/Documents/ClaimSight/ml/data/raw/car-damage-assessment/image/1176.jpeg,-1,1,0,0,0,0,0,0,0,0,1
/Users/dell/Documents/ClaimSight/ml/data/raw/car-damage-severity-dataset/data3a/training/02-moderate/0237.JPEG,1,0,1,0,0,0,0,0,0,0,0
/Users/dell/Documents/ClaimSight/ml/data/raw/car-damage-severity-dataset/data3a/training/03-severe/0027.JPEG,2,0,1,0,0,0,0,0,0,0,0
/Users/dell/Documents/ClaimSight/ml/data/raw/car-damage-assessment/image/1424.jpeg,-1,1,0,0,0,0,0,0,0,0,1
/Users/dell/Documents/ClaimSight/ml/data/raw/car-damage-severity-dataset/data3a/training/03-severe/download (26).jpeg,2,0,1,0,0,0,0,0,0,0,0
/Users/dell/Documents/ClaimSight/ml/data/raw/car-damage-assessment/image/549.jpeg,-1,1,0,0,0,0,0,0,0,0,1
/Users/dell/Documents/ClaimSight/ml/data/raw/car-damage-severity-dataset/data3a/training/03-severe/0093.JPEG,2,0,1,0,0,0,0,0,0,0,0
/Users/dell/Documents/ClaimSight/ml/data/raw/car-damage-severity-dataset/data3a/training/03-severe/0185.JPEG,2,0,1,0,0,0,0,0,0,0,0
/Users/dell/Documents/ClaimSight/ml/data/raw/car-damage-assessment/image/688.jpeg,-1,1,0,0,0,0,1,0,0,0,0
/Users/dell/Documents/ClaimSight/ml/data/raw/car-damage-severity-dataset/data3a/validation/02-moderate/download (28).jpeg,1,0,1,0,0,0,0,0,0,0,0
/Users/dell/Documents/ClaimSight/ml/data/raw/car-damage-assessment/image/863.jpeg,-1,1,0,0,0,0,0,0,0,0,1
/Users/dell/Documents/ClaimSight/ml/data/raw/car-damage-severity-dataset/data3a/training/03-severe/0041.JPEG,2,0,1,0,0,0,0,0,0,0,0
/Users/dell/Documents/ClaimSight/ml/data/raw/car-damage-severity-dataset/data3a/training/03-severe/images - 2022-12-13T215956.441.jpeg,2,0,1,0,0,0,0,0,0,0,0
/Users/dell/Documents/ClaimSight/ml/data/raw/car-damage-assessment/image/506.jpeg,-1,1,0,0,0,0,0,0,0,0,1
/Users/dell/Documents/ClaimSight/ml/data/raw/car-damage-assessment/image/1027.jpeg,-1,1,0,0,0,0,0,0,0,0,1
/Users/dell/Documents/ClaimSight/ml/data/raw/car-damage-severity-dataset/data3a/training/01-minor/images (75).jpeg,0,0,1,0,0,0,0,0,0,0,0
/Users/dell/Documents/ClaimSight/ml/data/raw/car-damage-assessment/image/49.jpeg,-1,1,0,0,0,0,0,0,0,0,1
/Users/dell/Documents/ClaimSight/ml/data/raw/car-damage-assessment/image/361.jpeg,-1,1,0,0,0,0,0,0,0,0,1
/Users/dell/Documents/ClaimSight/ml/data/raw/car-damage-assessment/image/597.jpeg,-1,1,0,0,0,0,0,0,0,0,1
/Users/dell/Documents/ClaimSight/ml/data/raw/car-damage-assessment/image/220.jpeg,-1,1,0,0,0,0,1,0,0,0,0
/Users/dell/Documents/ClaimSight/ml/data/raw/car-damage-severity-dataset/data3a/training/02-moderate/0277.JPEG,1,0,1,0,0,0,0,0,0,0,0
/Users/dell/Documents/ClaimSight/ml/data/raw/car-damage-severity-dataset/data3a/training/01-minor/0023.JPEG,0,0,1,0,0,0,0,0,0,0,0
/Users/dell/Documents/ClaimSight/ml/data/raw/car-damage-severity-dataset/data3a/training/02-moderate/images - 2022-12-12T151411.576.jpeg,1,0,1,0,0,0,0,0,0,0,0
/Users/dell/Documents/ClaimSight/ml/data/raw/car-damage-severity-dataset/data3a/training/02-moderate/0113.JPEG,1,0,1,0,0,0,0,0,0,0,0
/Users/dell/Documents/ClaimSight/ml/data/raw/car-damage-assessment/image/1300.jpeg,-1,1,0,0,0,0,1,0,0,0,0
/Users/dell/Documents/ClaimSight/ml/data/raw/car-damage-severity-dataset/data3a/training/01-minor/images (38).jpeg,0,0,1,0,0,0,0,0,0,0,0
/Users/dell/Documents/ClaimSight/ml/data/raw/car-damage-severity-dataset/data3a/training/01-minor/images (53).jpeg,0,0,1,0,0,0,0,0,0,0,0
/Users/dell/Documents/ClaimSight/ml/data/raw/car-damage-assessment/image/23.jpeg,-1,1,0,0,0,0,0,0,0,0,1
/Users/dell/Documents/ClaimSight/ml/data/raw/car-damage-severity-dataset/data3a/training/03-severe/0107.JPEG,2,0,1,0,0,0,0,0,0,0,0
/Users/dell/Documents/ClaimSight/ml/data/raw/car-damage-severity-dataset/data3a/training/01-minor/0155.JPEG,0,0,1,0,0,0,0,0,0,0,0
/Users/dell/Documents/ClaimSight/ml/data/raw/car-damage-assessment/image/1048.jpeg,-1,1,0,0,0,0,0,0,0,0,1
/Users/dell/Documents/ClaimSight/ml/data/raw/car-damage-severity-dataset/data3a/training/03-severe/0216.JPEG,2,0,1,0,0,0,0,0,0,0,0
/Users/dell/Documents/ClaimSight/ml/data/raw/car-damage-severity-dataset/data3a/training/02-moderate/0135.JPEG,1,0,1,0,0,0,0,0,0,0,0
/Users/dell/Documents/ClaimSight/ml/data/raw/car-damage-assessment/image/527.jpeg,-1,1,0,0,0,0,0,0,0,0,1
/Users/dell/Documents/ClaimSight/ml/data/raw/car-damage-severity-dataset/data3a/training/03-severe/0177.JPEG,2,0,1,0,0,0,0,0,0,0,0
/Users/dell/Documents/ClaimSight/ml/data/raw/car-damage-severity-dataset/data3a/validation/03-severe/0036.jpeg,2,0,1,0,0,0,0,0,0,0,0
/Users/dell/Documents/ClaimSight/ml/data/raw/car-damage-assessment/image/781.jpeg,-1,1,0,0,0,0,0,0,0,0,1
/Users/dell/Documents/ClaimSight/ml/data/raw/car-damage-severity-dataset/data3a/training/02-moderate/images (60).jpeg,1,0,1,0,0,0,0,0,0,0,0
/Users/dell/Documents/ClaimSight/ml/data/raw/car-damage-assessment/image/320.jpeg,-1,1,0,0,0,0,0,0,0,0,1
/Users/dell/Documents/ClaimSight/ml/data/raw/car-damage-severity-dataset/data3a/training/02-moderate/images (94).jpeg,1,0,1,0,0,0,0,0,0,0,0
/Users/dell/Documents/ClaimSight/ml/data/raw/car-damage-assessment/image/591.jpeg,-1,1,0,0,0,0,0,0,0,0,1
/Users/dell/Documents/ClaimSight/ml/data/raw/car-damage-severity-dataset/data3a/training/02-moderate/0123.JPEG,1,0,1,0,0,0,0,0,0,0,0
/Users/dell/Documents/ClaimSight/ml/data/raw/car-damage-severity-dataset/data3a/training/03-severe/0005.JPEG,2,0,1,0,0,0,0,0,0,0,0
/Users/dell/Documents/ClaimSight/ml/data/raw/car-damage-severity-dataset/data3a/validation/03-severe/0062.JPEG,2,0,1,0,0,0,0,0,0,0,0
/Users/dell/Documents/ClaimSight/ml/data/raw/car-damage-severity-dataset/data3a/training/01-minor/0166.JPEG,0,0,1,0,0,0,0,0,0,0,0
/Users/dell/Documents/ClaimSight/ml/data/raw/car-damage-severity-dataset/data3a/training/03-severe/0046.JPEG,2,0,1,0,0,0,0,0,0,0,0
/Users/dell/Documents/ClaimSight/ml/data/raw/car-damage-severity-dataset/data3a/training/02-moderate/0030.JPEG,1,0,1,0,0,0,0,0,0,0,0
/Users/dell/Documents/ClaimSight/ml/data/raw/car-damage-assessment/image/985.jpeg,-1,1,0,0,0,0,0,0,0,0,1
/Users/dell/Documents/ClaimSight/ml/data/raw/car-damage-severity-dataset/data3a/training/01-minor/2fd5a7d45a7d4bce8c15f2f6c89a0494_thb.jpg,0,0,1,0,0,0,0,0,0,0,0
/Users/dell/Documents/ClaimSight/ml/data/raw/car-damage-severity-dataset/data3a/training/02-moderate/0204.JPEG,1,0,1,0,0,0,0,0,0,0,0
/Users/dell/Documents/ClaimSight/ml/data/raw/car-damage-severity-dataset/data3a/training/02-moderate/images (57).jpeg,1,0,1,0,0,0,0,0,0,0,0
/Users/dell/Documents/ClaimSight/ml/data/raw/car-damage-severity-dataset/data3a/training/01-minor/0175.JPEG,0,0,1,0,0,0,0,0,0,0,0
/Users/dell/Documents/ClaimSight/ml/data/raw/car-damage-assessment/image/786.jpeg,-1,1,0,0,0,0,0,0,0,0,1
/Users/dell/Documents/ClaimSight/ml/data/raw/car-damage-severity-dataset/data3a/training/01-minor/0206.JPEG,0,0,1,0,0,0,0,0,0,0,0
/Users/dell/Documents/ClaimSight/ml/data/raw/car-damage-severity-dataset/data3a/training/01-minor/download (31).jpeg,0,0,1,0,0,0,0,0,0,0,0
/Users/dell/Documents/ClaimSight/ml/data/raw/car-damage-assessment/image/198.jpeg,-1,1,0,0,0,0,0,0,0,0,1
/Users/dell/Documents/ClaimSight/ml/data/raw/car-damage-severity-dataset/data3a/training/02-moderate/0158.JPEG,1,0,1,0,0,0,0,0,0,0,0
/Users/dell/Documents/ClaimSight/ml/data/raw/car-damage-severity-dataset/data3a/training/02-moderate/0181.JPEG,1,0,1,0,0,0,0,0,0,0,0
/Users/dell/Documents/ClaimSight/ml/data/raw/car-damage-severity-dataset/data3a/training/02-moderate/0202.JPEG,1,0,1,0,0,0,0,0,0,0,0
/Users/dell/Documents/ClaimSight/ml/data/raw/car-damage-severity-dataset/data3a/training/01-minor/0116.JPEG,0,0,1,0,0,0,0,0,0,0,0
/Users/dell/Documents/ClaimSight/ml/data/raw/car-damage-severity-dataset/data3a/validation/03-severe/18bb5127b4054506bf0b9779b2b1899f_thb.jpg,2,0,1,0,0,0,0,0,0,0,0
/Users/dell/Documents/ClaimSight/ml/data/raw/car-damage-assessment/image/955.jpeg,-1,1,0,0,0,0,0,0,0,0,1
/Users/dell/Documents/ClaimSight/ml/data/raw/car-damage-assessment/image/1290.jpeg,-1,1,0,0,0,0,0,0,0,0,1
/Users/dell/Documents/ClaimSight/ml/data/raw/car-damage-severity-dataset/data3a/training/02-moderate/0059.JPEG,1,0,1,0,0,0,0,0,0,0,0
/Users/dell/Documents/ClaimSight/ml/data/raw/car-damage-assessment/image/217.jpeg,-1,1,0,0,0,0,0,0,0,0,1
/Users/dell/Documents/ClaimSight/ml/data/raw/car-damage-severity-dataset/data3a/training/01-minor/images (4).jpeg,0,0,1,0,0,0,0,0,0,0,0
/Users/dell/Documents/ClaimSight/ml/data/raw/car-damage-severity-dataset/data3a/training/02-moderate/0299.JPEG,1,0,1,0,0,0,0,0,0,0,0
/Users/dell/Documents/ClaimSight/ml/data/raw/car-damage-severity-dataset/data3a/training/03-severe/0188.JPEG,2,0,1,0,0,0,0,0,0,0,0
/Users/dell/Documents/ClaimSight/ml/data/raw/car-damage-assessment/image/707.jpeg,-1,1,0,0,0,0,0,0,0,0,1
/Users/dell/Documents/ClaimSight/ml/data/raw/car-damage-severity-dataset/data3a/validation/03-severe/0054.JPEG,2,0,1,0,0,0,0,0,0,0,0
/Users/dell/Documents/ClaimSight/ml/data/raw/car-damage-severity-dataset/data3a/validation/01-minor/images - 2022-12-12T151419.502.jpeg,0,0,1,0,0,0,0,0,0,0,0
/Users/dell/Documents/ClaimSight/ml/data/raw/car-damage-assessment/image/1289.jpeg,-1,1,0,0,0,0,1,0,0,0,0
/Users/dell/Documents/ClaimSight/ml/data/raw/car-damage-severity-dataset/data3a/training/02-moderate/0068.JPEG,1,0,1,0,0,0,0,0,0,0,0
/Users/dell/Documents/ClaimSight/ml/data/raw/car-damage-severity-dataset/data3a/training/02-moderate/images (8).jpeg,1,0,1,0,0,0,0,0,0,0,0
/Users/dell/Documents/ClaimSight/ml/data/raw/car-damage-severity-dataset/data3a/training/01-minor/images (66).jpeg,0,0,1,0,0,0,0,0,0,0,0
/Users/dell/Documents/ClaimSight/ml/data/raw/car-damage-assessment/image/991.jpeg,-1,1,0,0,0,0,0,0,0,0,1
/Users/dell/Documents/ClaimSight/ml/data/raw/car-damage-severity-dataset/data3a/training/02-moderate/0212.JPEG,1,0,1,0,0,0,0,0,0,0,0
/Users/dell/Documents/ClaimSight/ml/data/raw/car-damage-assessment/image/1219.jpeg,-1,1,0,0,0,0,0,0,0,0,1
/Users/dell/Documents/ClaimSight/ml/data/raw/car-damage-severity-dataset/data3a/training/03-severe/0141.JPEG,2,0,1,0,0,0,0,0,0,0,0
/Users/dell/Documents/ClaimSight/ml/data/raw/car-damage-severity-dataset/data3a/training/03-severe/0154.JPEG,2,0,1,0,0,0,0,0,0,0,0
/Users/dell/Documents/ClaimSight/ml/data/raw/car-damage-assessment/image/149.jpeg,-1,1,0,0,0,0,0,0,0,0,1
/Users/dell/Documents/ClaimSight/ml/data/raw/car-damage-severity-dataset/data3a/training/03-severe/0197.jpeg,2,0,1,0,0,0,0,0,0,0,0
/Users/dell/Documents/ClaimSight/ml/data/raw/car-damage-assessment/image/609.jpeg,-1,1,0,0,0,0,0,0,0,0,1
/Users/dell/Documents/ClaimSight/ml/data/raw/car-damage-severity-dataset/data3a/validation/03-severe/0018.JPEG,2,0,1,0,0,0,0,0,0,0,0
/Users/dell/Documents/ClaimSight/ml/data/raw/car-damage-assessment/image/501.jpeg,-1,1,0,0,0,0,0,0,0,0,1
/Users/dell/Documents/ClaimSight/ml/data/raw/car-damage-assessment/image/989.jpeg,-1,1,0,0,0,0,1,0,0,0,0
/Users/dell/Documents/ClaimSight/ml/data/raw/car-damage-severity-dataset/data3a/training/01-minor/images (58).jpeg,0,0,1,0,0,0,0,0,0,0,0
/Users/dell/Documents/ClaimSight/ml/data/raw/car-damage-assessment/image/593.jpeg,-1,1,0,0,0,0,0,0,0,0,1
/Users/dell/Documents/ClaimSight/ml/data/raw/car-damage-assessment/image/1019.jpeg,-1,1,0,0,0,0,0,0,0,0,1
/Users/dell/Documents/ClaimSight/ml/data/raw/car-damage-severity-dataset/data3a/training/01-minor/0097.JPEG,0,0,1,0,0,0,0,0,0,0,0
/Users/dell/Documents/ClaimSight/ml/data/raw/car-damage-assessment/image/1281.jpeg,-1,1,0,0,0,0,0,0,0,0,1
/Users/dell/Documents/ClaimSight/ml/data/raw/car-damage-assessment/image/431.jpeg,-1,1,0,0,0,0,1,0,0,0,0
/Users/dell/Documents/ClaimSight/ml/data/raw/car-damage-severity-dataset/data3a/training/03-severe/0323.JPEG,2,0,1,0,0,0,0,0,0,0,0
/Users/dell/Documents/ClaimSight/ml/data/raw/car-damage-severity-dataset/data3a/training/02-moderate/0198.JPEG,1,0,1,0,0,0,0,0,0,0,0
/Users/dell/Documents/ClaimSight/ml/data/raw/car-damage-assessment/image/1480.jpeg,-1,1,0,0,0,0,0,0,0,0,1
/Users/dell/Documents/ClaimSight/ml/data/raw/car-damage-assessment/image/58.jpeg,-1,1,0,0,0,0,0,0,0,0,1
/Users/dell/Documents/ClaimSight/ml/data/raw/car-damage-assessment/image/1501.jpeg,-1,1,0,0,0,0,0,0,0,0,1
/Users/dell/Documents/ClaimSight/ml/data/raw/car-damage-assessment/image/691.jpeg,-1,1,0,0,0,0,0,0,0,0,1
/Users/dell/Documents/ClaimSight/ml/data/raw/car-damage-severity-dataset/data3a/training/02-moderate/images (24).jpeg,1,0,1,0,0,0,0,0,0,0,0
/Users/dell/Documents/ClaimSight/ml/data/raw/car-damage-severity-dataset/data3a/training/02-moderate/images (69).jpeg,1,0,1,0,0,0,0,0,0,0,0
/Users/dell/Documents/ClaimSight/ml/data/raw/car-damage-assessment/image/345.jpeg,-1,1,0,0,0,0,0,0,0,0,1
/Users/dell/Documents/ClaimSight/ml/data/raw/car-damage-severity-dataset/data3a/training/03-severe/0236.jpeg,2,0,1,0,0,0,0,0,0,0,0
/Users/dell/Documents/ClaimSight/ml/data/raw/car-damage-assessment/image/1427.jpeg,-1,1,0,0,0,0,0,0,0,0,1
/Users/dell/Documents/ClaimSight/ml/data/raw/car-damage-assessment/image/263.jpeg,-1,1,0,0,0,0,0,0,0,0,1
/Users/dell/Documents/ClaimSight/ml/data/raw/car-damage-severity-dataset/data3a/training/02-moderate/0220.JPEG,1,0,1,0,0,0,0,0,0,0,0
/Users/dell/Documents/ClaimSight/ml/data/raw/car-damage-assessment/image/1503.jpeg,-1,1,0,0,0,0,0,0,0,0,1
/Users/dell/Documents/ClaimSight/ml/data/raw/car-damage-assessment/image/402.jpeg,-1,1,0,0,0,0,0,0,0,0,1
/Users/dell/Documents/ClaimSight/ml/data/raw/car-damage-severity-dataset/data3a/training/03-severe/0228.JPEG,2,0,1,0,0,0,0,0,0,0,0
/Users/dell/Documents/ClaimSight/ml/data/raw/car-damage-severity-dataset/data3a/training/02-moderate/0003.JPEG,1,0,1,0,0,0,0,0,0,0,0
/Users/dell/Documents/ClaimSight/ml/data/raw/car-damage-severity-dataset/data3a/validation/03-severe/0007.JPEG,2,0,1,0,0,0,0,0,0,0,0
/Users/dell/Documents/ClaimSight/ml/data/raw/car-damage-assessment/image/1062.jpeg,-1,1,0,0,0,0,0,0,0,0,1
/Users/dell/Documents/ClaimSight/ml/data/raw/car-damage-assessment/image/708.jpeg,-1,1,0,0,0,0,0,0,0,0,1
/Users/dell/Documents/ClaimSight/ml/data/raw/car-damage-assessment/image/461.jpeg,-1,1,0,0,0,0,0,0,0,0,1
/Users/dell/Documents/ClaimSight/ml/data/raw/car-damage-assessment/image/660.jpeg,-1,1,0,0,0,0,0,0,0,0,1
/Users/dell/Documents/ClaimSight/ml/data/raw/car-damage-assessment/image/1367.jpeg,-1,1,0,0,0,0,0,0,0,0,1
/Users/dell/Documents/ClaimSight/ml/data/raw/car-damage-assessment/image/337.jpeg,-1,1,0,0,0,0,0,0,0,0,1
/Users/dell/Documents/ClaimSight/ml/data/raw/car-damage-assessment/image/622.jpeg,-1,1,0,0,0,0,0,0,0,0,1
/Users/dell/Documents/ClaimSight/ml/data/raw/car-damage-assessment/image/648.jpeg,-1,1,0,0,0,0,0,0,0,0,1
/Users/dell/Documents/ClaimSight/ml/data/raw/car-damage-severity-dataset/data3a/training/03-severe/0088.JPEG,2,0,1,0,0,0,0,0,0,0,0
/Users/dell/Documents/ClaimSight/ml/data/raw/car-damage-assessment/image/1399.jpeg,-1,1,0,0,0,0,0,0,0,0,1
/Users/dell/Documents/ClaimSight/ml/data/raw/car-damage-severity-dataset/data3a/training/03-severe/0306.JPEG,2,0,1,0,0,0,0,0,0,0,0
/Users/dell/Documents/ClaimSight/ml/data/raw/car-damage-assessment/image/1370.jpeg,-1,1,0,0,0,0,0,0,0,0,1
/Users/dell/Documents/ClaimSight/ml/data/raw/car-damage-severity-dataset/data3a/training/02-moderate/9b0e806d486540c0ad3d16ab567e044b_thb.jpg,1,0,1,0,0,0,0,0,0,0,0
/Users/dell/Documents/ClaimSight/ml/data/raw/car-damage-severity-dataset/data3a/training/01-minor/0112.JPEG,0,0,1,0,0,0,0,0,0,0,0
/Users/dell/Documents/ClaimSight/ml/data/raw/car-damage-severity-dataset/data3a/validation/02-moderate/0023.JPEG,1,0,1,0,0,0,0,0,0,0,0
/Users/dell/Documents/ClaimSight/ml/data/raw/car-damage-severity-dataset/data3a/validation/02-moderate/fd331abd8e3b4b17ab87268a356b1b5e_thb.jpg,1,0,1,0,0,0,0,0,0,0,0
/Users/dell/Documents/ClaimSight/ml/data/raw/car-damage-assessment/image/705.jpeg,-1,1,0,0,0,0,0,0,0,0,1
/Users/dell/Documents/ClaimSight/ml/data/raw/car-damage-assessment/image/1059.jpeg,-1,1,0,0,0,0,0,0,0,0,1
/Users/dell/Documents/ClaimSight/ml/data/raw/car-damage-assessment/image/954.jpeg,-1,1,0,0,0,0,0,0,0,0,1
/Users/dell/Documents/ClaimSight/ml/data/raw/car-damage-assessment/image/1282.jpeg,-1,1,0,0,0,0,0,0,0,0,1
/Users/dell/Documents/ClaimSight/ml/data/raw/car-damage-assessment/image/1104.jpeg,-1,1,0,0,0,0,0,0,0,0,1
/Users/dell/Documents/ClaimSight/ml/data/raw/car-damage-assessment/image/649.jpeg,-1,1,0,0,0,0,0,0,0,0,1
/Users/dell/Documents/ClaimSight/ml/data/raw/car-damage-assessment/image/256.jpeg,-1,1,0,0,0,0,1,0,0,0,0
/Users/dell/Documents/ClaimSight/ml/data/raw/car-damage-severity-dataset/data3a/training/01-minor/images - 2022-12-12T151413.832.jpeg,0,0,1,0,0,0,0,0,0,0,0
/Users/dell/Documents/ClaimSight/ml/data/raw/car-damage-assessment/image/838.jpeg,-1,1,0,0,0,0,0,0,0,0,1
/Users/dell/Documents/ClaimSight/ml/data/raw/car-damage-assessment/image/1467.jpeg,-1,1,0,0,0,0,0,0,0,0,1
/Users/dell/Documents/ClaimSight/ml/data/raw/car-damage-severity-dataset/data3a/validation/02-moderate/0034.JPEG,1,0,1,0,0,0,0,0,0,0,0
/Users/dell/Documents/ClaimSight/ml/data/raw/car-damage-assessment/image/1475.jpeg,-1,1,0,0,0,0,0,0,0,0,1
/Users/dell/Documents/ClaimSight/ml/data/raw/car-damage-assessment/image/1160.jpeg,-1,1,0,0,0,0,0,0,0,0,1
/Users/dell/Documents/ClaimSight/ml/data/raw/car-damage-assessment/image/1379.jpeg,-1,1,0,0,0,0,0,0,0,0,1
/Users/dell/Documents/ClaimSight/ml/data/raw/car-damage-assessment/image/1461.jpeg,-1,1,0,0,0,0,0,0,0,0,1
/Users/dell/Documents/ClaimSight/ml/data/raw/car-damage-assessment/image/176.jpeg,-1,1,0,0,0,0,0,0,0,0,1
/Users/dell/Documents/ClaimSight/ml/data/raw/car-damage-assessment/image/265.jpeg,-1,1,0,0,0,0,0,0,0,0,1
/Users/dell/Documents/ClaimSight/ml/data/raw/car-damage-assessment/image/957.jpeg,-1,1,0,0,0,0,0,0,0,0,1
/Users/dell/Documents/ClaimSight/ml/data/raw/car-damage-severity-dataset/data3a/training/03-severe/images (90).jpeg,2,0,1,0,0,0,0,0,0,0,0
/Users/dell/Documents/ClaimSight/ml/data/raw/car-damage-assessment/image/739.jpeg,-1,1,0,0,0,0,0,0,0,0,1
/Users/dell/Documents/ClaimSight/ml/data/raw/car-damage-assessment/image/1155.jpeg,-1,1,0,0,0,0,0,0,0,0,1
/Users/dell/Documents/ClaimSight/ml/data/raw/car-damage-severity-dataset/data3a/training/01-minor/images - 2022-12-12T151418.705.jpeg,0,0,1,0,0,0,0,0,0,0,0
/Users/dell/Documents/ClaimSight/ml/data/raw/car-damage-assessment/image/484.jpeg,-1,1,0,0,0,0,1,0,0,0,0
/Users/dell/Documents/ClaimSight/ml/data/raw/car-damage-assessment/image/1322.jpeg,-1,1,0,0,0,0,0,0,0,0,1
/Users/dell/Documents/ClaimSight/ml/data/raw/car-damage-severity-dataset/data3a/training/03-severe/0186.jpeg,2,0,1,0,0,0,0,0,0,0,0
/Users/dell/Documents/ClaimSight/ml/data/raw/car-damage-severity-dataset/data3a/validation/02-moderate/0049.JPEG,1,0,1,0,0,0,0,0,0,0,0
/Users/dell/Documents/ClaimSight/ml/data/raw/car-damage-assessment/image/1332.jpeg,-1,1,0,0,0,0,0,0,0,0,1
/Users/dell/Documents/ClaimSight/ml/data/raw/car-damage-assessment/image/1423.jpeg,-1,1,0,0,0,0,0,0,0,0,1
/Users/dell/Documents/ClaimSight/ml/data/raw/car-damage-assessment/image/740.jpeg,-1,1,0,0,0,0,0,0,0,0,1
/Users/dell/Documents/ClaimSight/ml/data/raw/car-damage-severity-dataset/data3a/training/03-severe/0104.JPEG,2,0,1,0,0,0,0,0,0,0,0
/Users/dell/Documents/ClaimSight/ml/data/raw/car-damage-severity-dataset/data3a/training/01-minor/0077.JPEG,0,0,1,0,0,0,0,0,0,0,0
/Users/dell/Documents/ClaimSight/ml/data/raw/car-damage-assessment/image/614.jpeg,-1,1,0,0,0,0,0,0,0,0,1
/Users/dell/Documents/ClaimSight/ml/data/raw/car-damage-assessment/image/594.jpeg,-1,1,0,0,0,0,0,0,0,0,1
/Users/dell/Documents/ClaimSight/ml/data/raw/car-damage-assessment/image/1110.jpeg,-1,1,0,0,0,0,0,0,0,0,1
/Users/dell/Documents/ClaimSight/ml/data/raw/car-damage-severity-dataset/data3a/validation/03-severe/images (44).jpeg,2,0,1,0,0,0,0,0,0,0,0
/Users/dell/Documents/ClaimSight/ml/data/raw/car-damage-assessment/image/132.jpeg,-1,1,0,0,0,0,0,0,0,0,1
/Users/dell/Documents/ClaimSight/ml/data/raw/car-damage-severity-dataset/data3a/training/02-moderate/0269.JPEG,1,0,1,0,0,0,0,0,0,0,0
/Users/dell/Documents/ClaimSight/ml/data/raw/car-damage-assessment/image/654.jpeg,-1,1,0,0,0,0,0,0,0,0,1
/Users/dell/Documents/ClaimSight/ml/data/raw/car-damage-assessment/image/179.jpeg,-1,1,0,0,0,0,0,0,0,0,1
/Users/dell/Documents/ClaimSight/ml/data/raw/car-damage-severity-dataset/data3a/training/03-severe/0230.JPEG,2,0,1,0,0,0,0,0,0,0,0
/Users/dell/Documents/ClaimSight/ml/data/raw/car-damage-severity-dataset/data3a/training/01-minor/images - 2022-12-12T151416.652.jpeg,0,0,1,0,0,0,0,0,0,0,0
/Users/dell/Documents/ClaimSight/ml/data/raw/car-damage-severity-dataset/data3a/validation/03-severe/0008.JPEG,2,0,1,0,0,0,0,0,0,0,0
/Users/dell/Documents/ClaimSight/ml/data/raw/car-damage-severity-dataset/data3a/training/01-minor/0015.JPEG,0,0,1,0,0,0,0,0,0,0,0
/Users/dell/Documents/ClaimSight/ml/data/raw/car-damage-severity-dataset/data3a/training/01-minor/images - 2022-12-13T213955.259.jpeg,0,0,1,0,0,0,0,0,0,0,0
/Users/dell/Documents/ClaimSight/ml/data/raw/car-damage-assessment/image/251.jpeg,-1,1,0,0,0,0,0,0,0,0,1
/Users/dell/Documents/ClaimSight/ml/data/raw/car-damage-severity-dataset/data3a/training/03-severe/0329.JPEG,2,0,1,0,0,0,0,0,0,0,0
/Users/dell/Documents/ClaimSight/ml/data/raw/car-damage-severity-dataset/data3a/training/02-moderate/images (50).jpeg,1,0,1,0,0,0,0,0,0,0,0
/Users/dell/Documents/ClaimSight/ml/data/raw/car-damage-assessment/image/584.jpeg,-1,1,0,0,0,0,0,0,0,0,1
/Users/dell/Documents/ClaimSight/ml/data/raw/car-damage-assessment/image/439.jpeg,-1,1,0,0,0,0,0,0,0,0,1
/Users/dell/Documents/ClaimSight/ml/data/raw/car-damage-severity-dataset/data3a/training/01-minor/images (89).jpeg,0,0,1,0,0,0,0,0,0,0,0
/Users/dell/Documents/ClaimSight/ml/data/raw/car-damage-assessment/image/533.jpeg,-1,1,0,0,0,0,0,0,0,0,1
/Users/dell/Documents/ClaimSight/ml/data/raw/car-damage-severity-dataset/data3a/training/02-moderate/0211.JPEG,1,0,1,0,0,0,0,0,0,0,0
/Users/dell/Documents/ClaimSight/ml/data/raw/car-damage-severity-dataset/data3a/training/03-severe/images - 2022-12-13T215957.532.jpeg,2,0,1,0,0,0,0,0,0,0,0
/Users/dell/Documents/ClaimSight/ml/data/raw/car-damage-severity-dataset/data3a/training/01-minor/0164.JPEG,0,0,1,0,0,0,0,0,0,0,0
/Users/dell/Documents/ClaimSight/ml/data/raw/car-damage-severity-dataset/data3a/training/03-severe/0174.JPEG,2,0,1,0,0,0,0,0,0,0,0
/Users/dell/Documents/ClaimSight/ml/data/raw/car-damage-assessment/image/1060.jpeg,-1,1,0,0,0,0,0,0,0,0,1
/Users/dell/Documents/ClaimSight/ml/data/raw/car-damage-severity-dataset/data3a/training/03-severe/0253.JPEG,2,0,1,0,0,0,0,0,0,0,0
/Users/dell/Documents/ClaimSight/ml/data/raw/car-damage-severity-dataset/data3a/training/03-severe/0002.JPEG,2,0,1,0,0,0,0,0,0,0,0
/Users/dell/Documents/ClaimSight/ml/data/raw/car-damage-severity-dataset/data3a/training/01-minor/0121.JPEG,0,0,1,0,0,0,0,0,0,0,0
/Users/dell/Documents/ClaimSight/ml/data/raw/car-damage-severity-dataset/data3a/training/03-severe/0331.JPEG,2,0,1,0,0,0,0,0,0,0,0
/Users/dell/Documents/ClaimSight/ml/data/raw/car-damage-severity-dataset/data3a/validation/03-severe/0033.JPEG,2,0,1,0,0,0,0,0,0,0,0
/Users/dell/Documents/ClaimSight/ml/data/raw/car-damage-severity-dataset/data3a/training/01-minor/0134.jpeg,0,0,1,0,0,0,0,0,0,0,0
/Users/dell/Documents/ClaimSight/ml/data/raw/car-damage-severity-dataset/data3a/training/02-moderate/0271.JPEG,1,0,1,0,0,0,0,0,0,0,0
/Users/dell/Documents/ClaimSight/ml/data/raw/car-damage-assessment/image/1452.jpeg,-1,1,0,0,0,0,0,0,0,0,1
/Users/dell/Documents/ClaimSight/ml/data/raw/car-damage-severity-dataset/data3a/training/03-severe/images (3).jpeg,2,0,1,0,0,0,0,0,0,0,0
/Users/dell/Documents/ClaimSight/ml/data/raw/car-damage-severity-dataset/data3a/validation/02-moderate/0040.JPEG,1,0,1,0,0,0,0,0,0,0,0
/Users/dell/Documents/ClaimSight/ml/data/raw/car-damage-severity-dataset/data3a/training/01-minor/images (64).jpeg,0,0,1,0,0,0,0,0,0,0,0
/Users/dell/Documents/ClaimSight/ml/data/raw/car-damage-severity-dataset/data3a/training/02-moderate/images (10).jpeg,1,0,1,0,0,0,0,0,0,0,0
/Users/dell/Documents/ClaimSight/ml/data/raw/car-damage-assessment/image/1194.jpeg,-1,1,0,0,0,0,0,0,0,0,1
/Users/dell/Documents/ClaimSight/ml/data/raw/car-damage-severity-dataset/data3a/training/03-severe/0368.jpeg,2,0,1,0,0,0,0,0,0,0,0
/Users/dell/Documents/ClaimSight/ml/data/raw/car-damage-severity-dataset/data3a/training/01-minor/images (41).jpeg,0,0,1,0,0,0,0,0,0,0,0
/Users/dell/Documents/ClaimSight/ml/data/raw/car-damage-assessment/image/1500.jpeg,-1,1,0,0,0,0,0,0,0,0,1
/Users/dell/Documents/ClaimSight/ml/data/raw/car-damage-assessment/image/314.jpeg,-1,1,0,0,0,0,0,0,0,0,1
/Users/dell/Documents/ClaimSight/ml/data/raw/car-damage-assessment/image/66.jpeg,-1,1,0,0,0,0,1,0,0,0,0
/Users/dell/Documents/ClaimSight/ml/data/raw/car-damage-assessment/image/1161.jpeg,-1,1,0,0,0,0,0,0,0,0,1
/Users/dell/Documents/ClaimSight/ml/data/raw/car-damage-severity-dataset/data3a/training/02-moderate/9da25ae9e03d4726aec50985c77a9730_thb.jpg,1,0,1,0,0,0,0,0,0,0,0
/Users/dell/Documents/ClaimSight/ml/data/raw/car-damage-severity-dataset/data3a/training/02-moderate/images (74).jpeg,1,0,1,0,0,0,0,0,0,0,0
/Users/dell/Documents/ClaimSight/ml/data/raw/car-damage-assessment/image/750.jpeg,-1,1,0,0,0,0,0,0,0,0,1
/Users/dell/Documents/ClaimSight/ml/data/raw/car-damage-severity-dataset/data3a/training/02-moderate/0284.JPEG,1,0,1,0,0,0,0,0,0,0,0
/Users/dell/Documents/ClaimSight/ml/data/raw/car-damage-severity-dataset/data3a/training/01-minor/0180.JPEG,0,0,1,0,0,0,0,0,0,0,0
/Users/dell/Documents/ClaimSight/ml/data/raw/car-damage-severity-dataset/data3a/training/01-minor/0229.JPEG,0,0,1,0,0,0,0,0,0,0,0
/Users/dell/Documents/ClaimSight/ml/data/raw/car-damage-assessment/image/71.jpeg,-1,1,0,0,0,0,0,0,0,0,1
/Users/dell/Documents/ClaimSight/ml/data/raw/car-damage-severity-dataset/data3a/training/02-moderate/0026.JPEG,1,0,1,0,0,0,0,0,0,0,0
/Users/dell/Documents/ClaimSight/ml/data/raw/car-damage-severity-dataset/data3a/training/03-severe/0100.JPEG,2,0,1,0,0,0,0,0,0,0,0
/Users/dell/Documents/ClaimSight/ml/data/raw/car-damage-severity-dataset/data3a/validation/03-severe/0059.JPEG,2,0,1,0,0,0,0,0,0,0,0
/Users/dell/Documents/ClaimSight/ml/data/raw/car-damage-assessment/image/327.jpeg,-1,1,0,0,0,0,0,0,0,0,1
/Users/dell/Documents/ClaimSight/ml/data/raw/car-damage-assessment/image/1050.jpeg,-1,1,0,0,0,0,0,0,0,0,1
/Users/dell/Documents/ClaimSight/ml/data/raw/car-damage-severity-dataset/data3a/training/02-moderate/images (38).jpeg,1,0,1,0,0,0,0,0,0,0,0
/Users/dell/Documents/ClaimSight/ml/data/raw/car-damage-assessment/image/831.jpeg,-1,1,0,0,0,0,0,0,0,0,1
/Users/dell/Documents/ClaimSight/ml/data/raw/car-damage-assessment/image/153.jpeg,-1,1,0,0,0,0,0,0,0,0,1
/Users/dell/Documents/ClaimSight/ml/data/raw/car-damage-severity-dataset/data3a/training/02-moderate/images (40).jpeg,1,0,1,0,0,0,0,0,0,0,0
/Users/dell/Documents/ClaimSight/ml/data/raw/car-damage-severity-dataset/data3a/training/03-severe/0182.JPEG,2,0,1,0,0,0,0,0,0,0,0
/Users/dell/Documents/ClaimSight/ml/data/raw/car-damage-assessment/image/890.jpeg,-1,1,0,0,0,0,0,0,0,0,1
/Users/dell/Documents/ClaimSight/ml/data/raw/car-damage-severity-dataset/data3a/training/01-minor/images (92).jpeg,0,0,1,0,0,0,0,0,0,0,0
/Users/dell/Documents/ClaimSight/ml/data/raw/car-damage-severity-dataset/data3a/training/01-minor/0014.JPEG,0,0,1,0,0,0,0,0,0,0,0
/Users/dell/Documents/ClaimSight/ml/data/raw/car-damage-assessment/image/915.jpeg,-1,1,0,0,0,0,0,0,0,0,1
/Users/dell/Documents/ClaimSight/ml/data/raw/car-damage-assessment/image/813.jpeg,-1,1,0,0,0,0,0,0,0,0,1
/Users/dell/Documents/ClaimSight/ml/data/raw/car-damage-severity-dataset/data3a/training/02-moderate/0099.JPEG,1,0,1,0,0,0,0,0,0,0,0
/Users/dell/Documents/ClaimSight/ml/data/raw/car-damage-assessment/image/341.jpeg,-1,1,0,0,0,0,0,0,0,0,1
/Users/dell/Documents/ClaimSight/ml/data/raw/car-damage-assessment/image/872.jpeg,-1,1,0,0,0,0,0,0,0,0,1
/Users/dell/Documents/ClaimSight/ml/data/raw/car-damage-severity-dataset/data3a/training/03-severe/0224.JPEG,2,0,1,0,0,0,0,0,0,0,0
/Users/dell/Documents/ClaimSight/ml/data/raw/car-damage-assessment/image/627.jpeg,-1,1,0,0,0,0,0,0,0,0,1
/Users/dell/Documents/ClaimSight/ml/data/raw/car-damage-assessment/image/1409.jpeg,-1,1,0,0,0,0,0,0,0,0,1
/Users/dell/Documents/ClaimSight/ml/data/raw/car-damage-severity-dataset/data3a/training/01-minor/0033.JPEG,0,0,1,0,0,0,0,0,0,0,0
/Users/dell/Documents/ClaimSight/ml/data/raw/car-damage-severity-dataset/data3a/training/02-moderate/0228.JPEG,1,0,1,0,0,0,0,0,0,0,0
/Users/dell/Documents/ClaimSight/ml/data/raw/car-damage-severity-dataset/data3a/training/01-minor/download (37).jpeg,0,0,1,0,0,0,0,0,0,0,0
/Users/dell/Documents/ClaimSight/ml/data/raw/car-damage-assessment/image/657.jpeg,-1,1,0,0,0,0,0,0,0,0,1
/Users/dell/Documents/ClaimSight/ml/data/raw/car-damage-assessment/image/601.jpeg,-1,1,0,0,0,0,0,0,0,0,1
/Users/dell/Documents/ClaimSight/ml/data/raw/car-damage-severity-dataset/data3a/training/03-severe/0038.JPEG,2,0,1,0,0,0,0,0,0,0,0
/Users/dell/Documents/ClaimSight/ml/data/raw/car-damage-assessment/image/1418.jpeg,-1,1,0,0,0,0,0,0,0,0,1
/Users/dell/Documents/ClaimSight/ml/data/raw/car-damage-severity-dataset/data3a/training/02-moderate/0140.JPEG,1,0,1,0,0,0,0,0,0,0,0
/Users/dell/Documents/ClaimSight/ml/data/raw/car-damage-severity-dataset/data3a/validation/02-moderate/0013.JPEG,1,0,1,0,0,0,0,0,0,0,0
/Users/dell/Documents/ClaimSight/ml/data/raw/car-damage-assessment/image/869.jpeg,-1,1,0,0,0,0,0,0,0,0,1
/Users/dell/Documents/ClaimSight/ml/data/raw/car-damage-assessment/image/169.jpeg,-1,1,0,0,0,0,0,0,0,0,1
/Users/dell/Documents/ClaimSight/ml/data/raw/car-damage-severity-dataset/data3a/training/03-severe/0103.JPEG,2,0,1,0,0,0,0,0,0,0,0
/Users/dell/Documents/ClaimSight/ml/data/raw/car-damage-assessment/image/1063.jpeg,-1,1,0,0,0,0,0,0,0,0,1
/Users/dell/Documents/ClaimSight/ml/data/raw/car-damage-severity-dataset/data3a/training/01-minor/0137.JPEG,0,0,1,0,0,0,0,0,0,0,0
/Users/dell/Documents/ClaimSight/ml/data/raw/car-damage-severity-dataset/data3a/training/01-minor/0030.JPEG,0,0,1,0,0,0,0,0,0,0,0
/Users/dell/Documents/ClaimSight/ml/data/raw/car-damage-severity-dataset/data3a/training/03-severe/0357.JPEG,2,0,1,0,0,0,0,0,0,0,0
/Users/dell/Documents/ClaimSight/ml/data/raw/car-damage-severity-dataset/data3a/training/03-severe/0137.JPEG,2,0,1,0,0,0,0,0,0,0,0
/Users/dell/Documents/ClaimSight/ml/data/raw/car-damage-severity-dataset/data3a/training/01-minor/0196.JPEG,0,0,1,0,0,0,0,0,0,0,0
/Users/dell/Documents/ClaimSight/ml/data/raw/car-damage-assessment/image/1456.jpeg,-1,1,0,0,0,0,0,0,0,0,1
/Users/dell/Documents/ClaimSight/ml/data/raw/car-damage-assessment/image/306.jpeg,-1,1,0,0,0,0,0,0,0,0,1
/Users/dell/Documents/ClaimSight/ml/data/raw/car-damage-assessment/image/819.jpeg,-1,1,0,0,0,0,0,0,0,0,1
/Users/dell/Documents/ClaimSight/ml/data/raw/car-damage-assessment/image/1310.jpeg,-1,1,0,0,0,0,0,0,0,0,1
/Users/dell/Documents/ClaimSight/ml/data/raw/car-damage-severity-dataset/data3a/training/01-minor/images (91).jpeg,0,0,1,0,0,0,0,0,0,0,0
/Users/dell/Documents/ClaimSight/ml/data/raw/car-damage-assessment/image/254.jpeg,-1,1,0,0,0,0,0,0,0,0,1
/Users/dell/Documents/ClaimSight/ml/data/raw/car-damage-severity-dataset/data3a/training/02-moderate/images (103).jpeg,1,0,1,0,0,0,0,0,0,0,0
/Users/dell/Documents/ClaimSight/ml/data/raw/car-damage-severity-dataset/data3a/training/02-moderate/0242.JPEG,1,0,1,0,0,0,0,0,0,0,0
/Users/dell/Documents/ClaimSight/ml/data/raw/car-damage-severity-dataset/data3a/training/02-moderate/0120.JPEG,1,0,1,0,0,0,0,0,0,0,0
/Users/dell/Documents/ClaimSight/ml/data/raw/car-damage-severity-dataset/data3a/training/03-severe/0258.JPEG,2,0,1,0,0,0,0,0,0,0,0
/Users/dell/Documents/ClaimSight/ml/data/raw/car-damage-severity-dataset/data3a/validation/02-moderate/0041.JPEG,1,0,1,0,0,0,0,0,0,0,0
/Users/dell/Documents/ClaimSight/ml/data/raw/car-damage-assessment/image/391.jpeg,-1,1,0,0,0,0,0,0,0,0,1
/Users/dell/Documents/ClaimSight/ml/data/raw/car-damage-assessment/image/74.jpeg,-1,1,0,0,0,0,0,0,0,0,1
/Users/dell/Documents/ClaimSight/ml/data/raw/car-damage-severity-dataset/data3a/training/02-moderate/1dbc1bd213e74c8598e6874de9b55c53_thb.jpg,1,0,1,0,0,0,0,0,0,0,0
/Users/dell/Documents/ClaimSight/ml/data/raw/car-damage-severity-dataset/data3a/training/03-severe/0246.JPEG,2,0,1,0,0,0,0,0,0,0,0
/Users/dell/Documents/ClaimSight/ml/data/raw/car-damage-severity-dataset/data3a/training/03-severe/images - 2022-12-13T215957.643.jpeg,2,0,1,0,0,0,0,0,0,0,0
/Users/dell/Documents/ClaimSight/ml/data/raw/car-damage-severity-dataset/data3a/training/01-minor/download.jpeg,0,0,1,0,0,0,0,0,0,0,0
/Users/dell/Documents/ClaimSight/ml/data/raw/car-damage-assessment/image/1464.jpeg,-1,1,0,0,0,0,0,0,0,0,1
/Users/dell/Documents/ClaimSight/ml/data/raw/car-damage-assessment/image/1444.jpeg,-1,1,0,0,0,0,0,0,0,0,1
/Users/dell/Documents/ClaimSight/ml/data/raw/car-damage-severity-dataset/data3a/training/03-severe/0317.JPEG,2,0,1,0,0,0,0,0,0,0,0
/Users/dell/Documents/ClaimSight/ml/data/raw/car-damage-assessment/image/85.jpeg,-1,1,0,0,0,0,1,0,0,0,0
/Users/dell/Documents/ClaimSight/ml/data/raw/car-damage-severity-dataset/data3a/training/03-severe/f5cd0b1161fd43a6bef6f80971e6689c_thb.jpg,2,0,1,0,0,0,0,0,0,0,0
/Users/dell/Documents/ClaimSight/ml/data/raw/car-damage-assessment/image/1267.jpeg,-1,1,0,0,0,0,0,0,0,0,1
/Users/dell/Documents/ClaimSight/ml/data/raw/car-damage-assessment/image/412.jpeg,-1,1,0,0,0,0,0,0,0,0,1
/Users/dell/Documents/ClaimSight/ml/data/raw/car-damage-assessment/image/600.jpeg,-1,1,0,0,0,0,0,0,0,0,1
/Users/dell/Documents/ClaimSight/ml/data/raw/car-damage-assessment/image/75.jpeg,-1,1,0,0,0,0,0,0,0,0,1
/Users/dell/Documents/ClaimSight/ml/data/raw/car-damage-severity-dataset/data3a/training/02-moderate/f80ae199fffc4d21b8d330152795ec8a_thb.jpg,1,0,1,0,0,0,0,0,0,0,0
/Users/dell/Documents/ClaimSight/ml/data/raw/car-damage-severity-dataset/data3a/training/03-severe/26618925bc5941c2bfd60423d024777a_thb.jpg,2,0,1,0,0,0,0,0,0,0,0
/Users/dell/Documents/ClaimSight/ml/data/raw/car-damage-severity-dataset/data3a/training/03-severe/images - 2022-12-13T215957.415.jpeg,2,0,1,0,0,0,0,0,0,0,0
/Users/dell/Documents/ClaimSight/ml/data/raw/car-damage-severity-dataset/data3a/training/02-moderate/0210.JPEG,1,0,1,0,0,0,0,0,0,0,0
/Users/dell/Documents/ClaimSight/ml/data/raw/car-damage-severity-dataset/data3a/validation/03-severe/0065.JPEG,2,0,1,0,0,0,0,0,0,0,0
/Users/dell/Documents/ClaimSight/ml/data/raw/car-damage-severity-dataset/data3a/training/02-moderate/0061.jpeg,1,0,1,0,0,0,0,0,0,0,0
/Users/dell/Documents/ClaimSight/ml/data/raw/car-damage-assessment/image/358.jpeg,-1,1,0,0,0,0,0,0,0,0,1
/Users/dell/Documents/ClaimSight/ml/data/raw/car-damage-assessment/image/693.jpeg,-1,1,0,0,0,0,0,0,0,0,1
/Users/dell/Documents/ClaimSight/ml/data/raw/car-damage-assessment/image/1118.jpeg,-1,1,0,0,0,0,0,0,0,0,1
/Users/dell/Documents/ClaimSight/ml/data/raw/car-damage-severity-dataset/data3a/training/02-moderate/images (6).jpeg,1,0,1,0,0,0,0,0,0,0,0
/Users/dell/Documents/ClaimSight/ml/data/raw/car-damage-assessment/image/90.jpeg,-1,1,0,0,0,0,0,0,0,0,1
/Users/dell/Documents/ClaimSight/ml/data/raw/car-damage-assessment/image/273.jpeg,-1,1,0,0,0,0,0,0,0,0,1
/Users/dell/Documents/ClaimSight/ml/data/raw/car-damage-assessment/image/680.jpeg,-1,1,0,0,0,0,0,0,0,0,1
/Users/dell/Documents/ClaimSight/ml/data/raw/car-damage-assessment/image/1191.jpeg,-1,1,0,0,0,0,0,0,0,0,1
/Users/dell/Documents/ClaimSight/ml/data/raw/car-damage-severity-dataset/data3a/training/02-moderate/download.jpeg,1,0,1,0,0,0,0,0,0,0,0
/Users/dell/Documents/ClaimSight/ml/data/raw/car-damage-assessment/image/493.jpeg,-1,1,0,0,0,0,0,0,0,0,1
/Users/dell/Documents/ClaimSight/ml/data/raw/car-damage-severity-dataset/data3a/training/01-minor/0058.JPEG,0,0,1,0,0,0,0,0,0,0,0
/Users/dell/Documents/ClaimSight/ml/data/raw/car-damage-severity-dataset/data3a/validation/01-minor/0041.JPEG,0,0,1,0,0,0,0,0,0,0,0
/Users/dell/Documents/ClaimSight/ml/data/raw/car-damage-severity-dataset/data3a/training/03-severe/0206.JPEG,2,0,1,0,0,0,0,0,0,0,0
/Users/dell/Documents/ClaimSight/ml/data/raw/car-damage-assessment/image/267.jpeg,-1,1,0,0,0,0,0,0,0,0,1
/Users/dell/Documents/ClaimSight/ml/data/raw/car-damage-assessment/image/519.jpeg,-1,1,0,0,0,0,1,0,0,0,0
/Users/dell/Documents/ClaimSight/ml/data/raw/car-damage-assessment/image/764.jpeg,-1,1,0,0,0,0,0,0,0,0,1
/Users/dell/Documents/ClaimSight/ml/data/raw/car-damage-assessment/image/792.jpeg,-1,1,0,0,0,0,0,0,0,0,1
/Users/dell/Documents/ClaimSight/ml/data/raw/car-damage-assessment/image/1391.jpeg,-1,1,0,0,0,0,1,0,0,0,0
/Users/dell/Documents/ClaimSight/ml/data/raw/car-damage-severity-dataset/data3a/training/03-severe/0136.JPEG,2,0,1,0,0,0,0,0,0,0,0
/Users/dell/Documents/ClaimSight/ml/data/raw/car-damage-assessment/image/799.jpeg,-1,1,0,0,0,0,0,0,0,0,1
/Users/dell/Documents/ClaimSight/ml/data/raw/car-damage-severity-dataset/data3a/training/02-moderate/images (28).jpeg,1,0,1,0,0,0,0,0,0,0,0
/Users/dell/Documents/ClaimSight/ml/data/raw/car-damage-assessment/image/1134.jpeg,-1,1,0,0,0,0,0,0,0,0,1
/Users/dell/Documents/ClaimSight/ml/data/raw/car-damage-severity-dataset/data3a/training/01-minor/0126.JPEG,0,0,1,0,0,0,0,0,0,0,0
/Users/dell/Documents/ClaimSight/ml/data/raw/car-damage-assessment/image/1407.jpeg,-1,1,0,0,0,0,0,0,0,0,1
/Users/dell/Documents/ClaimSight/ml/data/raw/car-damage-assessment/image/1114.jpeg,-1,1,0,0,0,0,0,0,0,0,1
/Users/dell/Documents/ClaimSight/ml/data/raw/car-damage-severity-dataset/data3a/training/03-severe/download (13).jpeg,2,0,1,0,0,0,0,0,0,0,0
/Users/dell/Documents/ClaimSight/ml/data/raw/car-damage-assessment/image/138.jpeg,-1,1,0,0,0,0,0,0,0,0,1
/Users/dell/Documents/ClaimSight/ml/data/raw/car-damage-assessment/image/738.jpeg,-1,1,0,0,0,0,0,0,0,0,1
/Users/dell/Documents/ClaimSight/ml/data/raw/car-damage-severity-dataset/data3a/validation/02-moderate/0005.JPEG,1,0,1,0,0,0,0,0,0,0,0
/Users/dell/Documents/ClaimSight/ml/data/raw/car-damage-assessment/image/175.jpeg,-1,1,0,0,0,0,0,0,0,0,1
/Users/dell/Documents/ClaimSight/ml/data/raw/car-damage-severity-dataset/data3a/validation/03-severe/6d36ca8f8e5142b999d24142028c8a3a_thb.jpg,2,0,1,0,0,0,0,0,0,0,0
/Users/dell/Documents/ClaimSight/ml/data/raw/car-damage-assessment/image/853.jpeg,-1,1,0,0,0,0,0,0,0,0,1
/Users/dell/Documents/ClaimSight/ml/data/raw/car-damage-severity-dataset/data3a/training/03-severe/0075.JPEG,2,0,1,0,0,0,0,0,0,0,0
/Users/dell/Documents/ClaimSight/ml/data/raw/car-damage-assessment/image/492.jpeg,-1,1,0,0,0,0,0,0,0,0,1
/Users/dell/Documents/ClaimSight/ml/data/raw/car-damage-assessment/image/722.jpeg,-1,1,0,0,0,0,0,0,0,0,1
/Users/dell/Documents/ClaimSight/ml/data/raw/car-damage-assessment/image/1508.jpeg,-1,1,0,0,0,0,1,0,0,0,0
/Users/dell/Documents/ClaimSight/ml/data/raw/car-damage-assessment/image/3.jpeg,-1,1,0,0,0,0,0,0,0,0,1
/Users/dell/Documents/ClaimSight/ml/data/raw/car-damage-severity-dataset/data3a/training/01-minor/0007.JPEG,0,0,1,0,0,0,0,0,0,0,0
/Users/dell/Documents/ClaimSight/ml/data/raw/car-damage-severity-dataset/data3a/training/02-moderate/0072.jpeg,1,0,1,0,0,0,0,0,0,0,0
/Users/dell/Documents/ClaimSight/ml/data/raw/car-damage-assessment/image/294.jpeg,-1,1,0,0,0,0,0,0,0,0,1
/Users/dell/Documents/ClaimSight/ml/data/raw/car-damage-severity-dataset/data3a/training/03-severe/0042.JPEG,2,0,1,0,0,0,0,0,0,0,0
/Users/dell/Documents/ClaimSight/ml/data/raw/car-damage-severity-dataset/data3a/training/02-moderate/0089.jpeg,1,0,1,0,0,0,0,0,0,0,0
/Users/dell/Documents/ClaimSight/ml/data/raw/car-damage-assessment/image/1055.jpeg,-1,1,0,0,0,0,0,0,0,0,1
/Users/dell/Documents/ClaimSight/ml/data/raw/car-damage-severity-dataset/data3a/training/03-severe/0175.JPEG,2,0,1,0,0,0,0,0,0,0,0
/Users/dell/Documents/ClaimSight/ml/data/raw/car-damage-assessment/image/1097.jpeg,-1,1,0,0,0,0,1,0,0,0,0
/Users/dell/Documents/ClaimSight/ml/data/raw/car-damage-severity-dataset/data3a/validation/02-moderate/0010.JPEG,1,0,1,0,0,0,0,0,0,0,0
/Users/dell/Documents/ClaimSight/ml/data/raw/car-damage-severity-dataset/data3a/training/03-severe/images (27).jpeg,2,0,1,0,0,0,0,0,0,0,0
/Users/dell/Documents/ClaimSight/ml/data/raw/car-damage-assessment/image/1308.jpeg,-1,1,0,0,0,0,0,0,0,0,1
/Users/dell/Documents/ClaimSight/ml/data/raw/car-damage-severity-dataset/data3a/training/03-severe/images - 2022-12-13T215957.376.jpeg,2,0,1,0,0,0,0,0,0,0,0
/Users/dell/Documents/ClaimSight/ml/data/raw/car-damage-assessment/image/936.jpeg,-1,1,0,0,0,0,0,0,0,0,1
/Users/dell/Documents/ClaimSight/ml/data/raw/car-damage-assessment/image/1275.jpeg,-1,1,0,0,0,0,0,0,0,0,1
/Users/dell/Documents/ClaimSight/ml/data/raw/car-damage-severity-dataset/data3a/training/01-minor/images (87).jpeg,0,0,1,0,0,0,0,0,0,0,0
/Users/dell/Documents/ClaimSight/ml/data/raw/car-damage-assessment/image/488.jpeg,-1,1,0,0,0,0,0,0,0,0,1
/Users/dell/Documents/ClaimSight/ml/data/raw/car-damage-assessment/image/97.jpeg,-1,1,0,0,0,0,0,0,0,0,1
/Users/dell/Documents/ClaimSight/ml/data/raw/car-damage-severity-dataset/data3a/training/03-severe/0380.JPEG,2,0,1,0,0,0,0,0,0,0,0
/Users/dell/Documents/ClaimSight/ml/data/raw/car-damage-assessment/image/616.jpeg,-1,1,0,0,0,0,0,0,0,0,1
/Users/dell/Documents/ClaimSight/ml/data/raw/car-damage-severity-dataset/data3a/training/02-moderate/0002.JPEG,1,0,1,0,0,0,0,0,0,0,0
/Users/dell/Documents/ClaimSight/ml/data/raw/car-damage-severity-dataset/data3a/training/02-moderate/0105.JPEG,1,0,1,0,0,0,0,0,0,0,0
/Users/dell/Documents/ClaimSight/ml/data/raw/car-damage-severity-dataset/data3a/training/03-severe/images (43).jpeg,2,0,1,0,0,0,0,0,0,0,0
/Users/dell/Documents/ClaimSight/ml/data/raw/car-damage-severity-dataset/data3a/training/01-minor/0156.JPEG,0,0,1,0,0,0,0,0,0,0,0
/Users/dell/Documents/ClaimSight/ml/data/raw/car-damage-assessment/image/1369.jpeg,-1,1,0,0,0,0,0,0,0,0,1
/Users/dell/Documents/ClaimSight/ml/data/raw/car-damage-assessment/image/1246.jpeg,-1,1,0,0,0,0,0,0,0,0,1
/Users/dell/Documents/ClaimSight/ml/data/raw/car-damage-severity-dataset/data3a/training/01-minor/images (46).jpeg,0,0,1,0,0,0,0,0,0,0,0
/Users/dell/Documents/ClaimSight/ml/data/raw/car-damage-severity-dataset/data3a/training/02-moderate/0102.JPEG,1,0,1,0,0,0,0,0,0,0,0
/Users/dell/Documents/ClaimSight/ml/data/raw/car-damage-severity-dataset/data3a/training/02-moderate/0190.JPEG,1,0,1,0,0,0,0,0,0,0,0
/Users/dell/Documents/ClaimSight/ml/data/raw/car-damage-assessment/image/748.jpeg,-1,1,0,0,0,0,0,0,0,0,1
/Users/dell/Documents/ClaimSight/ml/data/raw/car-damage-severity-dataset/data3a/training/01-minor/0012.JPEG,0,0,1,0,0,0,0,0,0,0,0
/Users/dell/Documents/ClaimSight/ml/data/raw/car-damage-severity-dataset/data3a/training/03-severe/0356.JPEG,2,0,1,0,0,0,0,0,0,0,0
/Users/dell/Documents/ClaimSight/ml/data/raw/car-damage-severity-dataset/data3a/training/02-moderate/0138.JPEG,1,0,1,0,0,0,0,0,0,0,0
/Users/dell/Documents/ClaimSight/ml/data/raw/car-damage-severity-dataset/data3a/training/01-minor/images (25).jpeg,0,0,1,0,0,0,0,0,0,0,0
/Users/dell/Documents/ClaimSight/ml/data/raw/car-damage-severity-dataset/data3a/training/02-moderate/download (20).jpeg,1,0,1,0,0,0,0,0,0,0,0
/Users/dell/Documents/ClaimSight/ml/data/raw/car-damage-severity-dataset/data3a/validation/03-severe/0046.JPEG,2,0,1,0,0,0,0,0,0,0,0
/Users/dell/Documents/ClaimSight/ml/data/raw/car-damage-severity-dataset/data3a/training/03-severe/0217.jpeg,2,0,1,0,0,0,0,0,0,0,0
/Users/dell/Documents/ClaimSight/ml/data/raw/car-damage-assessment/image/967.jpeg,-1,1,0,0,0,0,0,0,0,0,1
/Users/dell/Documents/ClaimSight/ml/data/raw/car-damage-severity-dataset/data3a/training/03-severe/0265.JPEG,2,0,1,0,0,0,0,0,0,0,0
/Users/dell/Documents/ClaimSight/ml/data/raw/car-damage-assessment/image/78.jpeg,-1,1,0,0,0,0,0,0,0,0,1
/Users/dell/Documents/ClaimSight/ml/data/raw/car-damage-assessment/image/1355.jpeg,-1,1,0,0,0,0,0,0,0,0,1
/Users/dell/Documents/ClaimSight/ml/data/raw/car-damage-severity-dataset/data3a/validation/02-moderate/download (20).jpeg,1,0,1,0,0,0,0,0,0,0,0
/Users/dell/Documents/ClaimSight/ml/data/raw/car-damage-assessment/image/686.jpeg,-1,1,0,0,0,0,0,0,0,0,1
/Users/dell/Documents/ClaimSight/ml/data/raw/car-damage-severity-dataset/data3a/training/01-minor/images (28).jpeg,0,0,1,0,0,0,0,0,0,0,0
/Users/dell/Documents/ClaimSight/ml/data/raw/car-damage-severity-dataset/data3a/training/03-severe/0238.JPEG,2,0,1,0,0,0,0,0,0,0,0
/Users/dell/Documents/ClaimSight/ml/data/raw/car-damage-severity-dataset/data3a/training/02-moderate/34b12abd905f4f8cb6385f45551cb994_thb.jpg,1,0,1,0,0,0,0,0,0,0,0
/Users/dell/Documents/ClaimSight/ml/data/raw/car-damage-severity-dataset/data3a/training/01-minor/0243.JPEG,0,0,1,0,0,0,0,0,0,0,0
/Users/dell/Documents/ClaimSight/ml/data/raw/car-damage-assessment/image/767.jpeg,-1,1,0,0,0,0,0,0,0,0,1
/Users/dell/Documents/ClaimSight/ml/data/raw/car-damage-severity-dataset/data3a/training/01-minor/download (18).jpeg,0,0,1,0,0,0,0,0,0,0,0
/Users/dell/Documents/ClaimSight/ml/data/raw/car-damage-assessment/image/790.jpeg,-1,1,0,0,0,0,0,0,0,0,1
/Users/dell/Documents/ClaimSight/ml/data/raw/car-damage-assessment/image/482.jpeg,-1,1,0,0,0,0,1,0,0,0,0
/Users/dell/Documents/ClaimSight/ml/data/raw/car-damage-assessment/image/765.jpeg,-1,1,0,0,0,0,0,0,0,0,1
/Users/dell/Documents/ClaimSight/ml/data/raw/car-damage-severity-dataset/data3a/training/03-severe/0288.JPEG,2,0,1,0,0,0,0,0,0,0,0
/Users/dell/Documents/ClaimSight/ml/data/raw/car-damage-assessment/image/811.jpeg,-1,1,0,0,0,0,0,0,0,0,1
/Users/dell/Documents/ClaimSight/ml/data/raw/car-damage-assessment/image/109.jpeg,-1,1,0,0,0,0,1,0,0,0,0
/Users/dell/Documents/ClaimSight/ml/data/raw/car-damage-severity-dataset/data3a/training/02-moderate/0301.JPEG,1,0,1,0,0,0,0,0,0,0,0
/Users/dell/Documents/ClaimSight/ml/data/raw/car-damage-assessment/image/54.jpeg,-1,1,0,0,0,0,0,0,0,0,1
/Users/dell/Documents/ClaimSight/ml/data/raw/car-damage-severity-dataset/data3a/training/03-severe/0162.JPEG,2,0,1,0,0,0,0,0,0,0,0
/Users/dell/Documents/ClaimSight/ml/data/raw/car-damage-assessment/image/923.jpeg,-1,1,0,0,0,0,0,0,0,0,1
/Users/dell/Documents/ClaimSight/ml/data/raw/car-damage-assessment/image/454.jpeg,-1,1,0,0,0,0,1,0,0,0,0
/Users/dell/Documents/ClaimSight/ml/data/raw/car-damage-severity-dataset/data3a/training/01-minor/0096.JPEG,0,0,1,0,0,0,0,0,0,0,0
/Users/dell/Documents/ClaimSight/ml/data/raw/car-damage-severity-dataset/data3a/validation/03-severe/482557ac6c1447b284fe6224b7266f55_thb.jpg,2,0,1,0,0,0,0,0,0,0,0
/Users/dell/Documents/ClaimSight/ml/data/raw/car-damage-assessment/image/301.jpeg,-1,1,0,0,0,0,0,0,0,0,1
/Users/dell/Documents/ClaimSight/ml/data/raw/car-damage-severity-dataset/data3a/training/01-minor/0262.JPEG,0,0,1,0,0,0,0,0,0,0,0
/Users/dell/Documents/ClaimSight/ml/data/raw/car-damage-severity-dataset/data3a/training/03-severe/images - 2022-12-13T215956.583.jpeg,2,0,1,0,0,0,0,0,0,0,0
/Users/dell/Documents/ClaimSight/ml/data/raw/car-damage-assessment/image/558.jpeg,-1,1,0,0,0,0,0,0,0,0,1
/Users/dell/Documents/ClaimSight/ml/data/raw/car-damage-severity-dataset/data3a/training/02-moderate/0097.JPEG,1,0,1,0,0,0,0,0,0,0,0
/Users/dell/Documents/ClaimSight/ml/data/raw/car-damage-severity-dataset/data3a/training/03-severe/0259.JPEG,2,0,1,0,0,0,0,0,0,0,0
/Users/dell/Documents/ClaimSight/ml/data/raw/car-damage-severity-dataset/data3a/validation/01-minor/0009.jpeg,0,0,1,0,0,0,0,0,0,0,0
/Users/dell/Documents/ClaimSight/ml/data/raw/car-damage-severity-dataset/data3a/training/03-severe/0058.JPEG,2,0,1,0,0,0,0,0,0,0,0
/Users/dell/Documents/ClaimSight/ml/data/raw/car-damage-assessment/image/1056.jpeg,-1,1,0,0,0,0,0,0,0,0,1
/Users/dell/Documents/ClaimSight/ml/data/raw/car-damage-assessment/image/764.jpeg,-1,1,0,0,0,0,0,0,0,0,1
/Users/dell/Documents/ClaimSight/ml/data/raw/car-damage-assessment/image/1502.jpeg,-1,1,0,0,0,0,0,0,0,0,1
/Users/dell/Documents/ClaimSight/ml/data/raw/car-damage-severity-dataset/data3a/training/01-minor/images (8).jpeg,0,0,1,0,0,0,0,0,0,0,0
/Users/dell/Documents/ClaimSight/ml/data/raw/car-damage-severity-dataset/data3a/training/02-moderate/images (111).jpeg,1,0,1,0,0,0,0,0,0,0,0
/Users/dell/Documents/ClaimSight/ml/data/raw/car-damage-assessment/image/1313.jpeg,-1,1,0,0,0,0,1,0,0,0,0
/Users/dell/Documents/ClaimSight/ml/data/raw/car-damage-assessment/image/106.jpeg,-1,1,0,0,0,0,0,0,0,0,1
/Users/dell/Documents/ClaimSight/ml/data/raw/car-damage-assessment/image/512.jpeg,-1,1,0,0,0,0,0,0,0,0,1
/Users/dell/Documents/ClaimSight/ml/data/raw/car-damage-severity-dataset/data3a/validation/01-minor/0039.JPEG,0,0,1,0,0,0,0,0,0,0,0
/Users/dell/Documents/ClaimSight/ml/data/raw/car-damage-severity-dataset/data3a/training/02-moderate/467fbd6dd7b148c1950833b4a472eef6_thb.jpg,1,0,1,0,0,0,0,0,0,0,0
/Users/dell/Documents/ClaimSight/ml/data/raw/car-damage-severity-dataset/data3a/training/02-moderate/0108.JPEG,1,0,1,0,0,0,0,0,0,0,0
/Users/dell/Documents/ClaimSight/ml/data/raw/car-damage-assessment/image/331.jpeg,-1,1,0,0,0,0,0,0,0,0,1
/Users/dell/Documents/ClaimSight/ml/data/raw/car-damage-assessment/image/857.jpeg,-1,1,0,0,0,0,0,0,0,0,1
/Users/dell/Documents/ClaimSight/ml/data/raw/car-damage-assessment/image/1080.jpeg,-1,1,0,0,0,0,0,0,0,0,1
/Users/dell/Documents/ClaimSight/ml/data/raw/car-damage-severity-dataset/data3a/training/02-moderate/download (10).jpeg,1,0,1,0,0,0,0,0,0,0,0
/Users/dell/Documents/ClaimSight/ml/data/raw/car-damage-severity-dataset/data3a/validation/03-severe/debd51e9643448fcbb0f303c9e0d7063_thb.jpg,2,0,1,0,0,0,0,0,0,0,0
/Users/dell/Documents/ClaimSight/ml/data/raw/car-damage-assessment/image/577.jpeg,-1,1,0,0,0,0,1,0,0,0,0
/Users/dell/Documents/ClaimSight/ml/data/raw/car-damage-severity-dataset/data3a/training/02-moderate/0249.jpeg,1,0,1,0,0,0,0,0,0,0,0
/Users/dell/Documents/ClaimSight/ml/data/raw/car-damage-severity-dataset/data3a/validation/01-minor/0003.JPEG,0,0,1,0,0,0,0,0,0,0,0
/Users/dell/Documents/ClaimSight/ml/data/raw/car-damage-severity-dataset/data3a/training/03-severe/cb08b40c4556456482bef99093fa7e29_thb.jpg,2,0,1,0,0,0,0,0,0,0,0
/Users/dell/Documents/ClaimSight/ml/data/raw/car-damage-assessment/image/753.jpeg,-1,1,0,0,0,0,0,0,0,0,1
/Users/dell/Documents/ClaimSight/ml/data/raw/car-damage-severity-dataset/data3a/training/02-moderate/0156.JPEG,1,0,1,0,0,0,0,0,0,0,0
/Users/dell/Documents/ClaimSight/ml/data/raw/car-damage-severity-dataset/data3a/training/03-severe/0339.JPEG,2,0,1,0,0,0,0,0,0,0,0
/Users/dell/Documents/ClaimSight/ml/data/raw/car-damage-severity-dataset/data3a/training/03-severe/0247.JPEG,2,0,1,0,0,0,0,0,0,0,0
/Users/dell/Documents/ClaimSight/ml/data/raw/car-damage-severity-dataset/data3a/training/02-moderate/aa2538583c724e36b724554e9945e9f7_thb.jpg,1,0,1,0,0,0,0,0,0,0,0
/Users/dell/Documents/ClaimSight/ml/data/raw/car-damage-severity-dataset/data3a/training/02-moderate/0176.JPEG,1,0,1,0,0,0,0,0,0,0,0
/Users/dell/Documents/ClaimSight/ml/data/raw/car-damage-assessment/image/479.jpeg,-1,1,0,0,0,0,0,0,0,0,1
/Users/dell/Documents/ClaimSight/ml/data/raw/car-damage-assessment/image/508.jpeg,-1,1,0,0,0,0,0,0,0,0,1
/Users/dell/Documents/ClaimSight/ml/data/raw/car-damage-assessment/image/583.jpeg,-1,1,0,0,0,0,0,0,0,0,1
/Users/dell/Documents/ClaimSight/ml/data/raw/car-damage-severity-dataset/data3a/validation/01-minor/0044.JPEG,0,0,1,0,0,0,0,0,0,0,0
/Users/dell/Documents/ClaimSight/ml/data/raw/car-damage-assessment/image/909.jpeg,-1,1,0,0,0,0,0,0,0,0,1
/Users/dell/Documents/ClaimSight/ml/data/raw/car-damage-assessment/image/486.jpeg,-1,1,0,0,0,0,0,0,0,0,1
/Users/dell/Documents/ClaimSight/ml/data/raw/car-damage-severity-dataset/data3a/training/01-minor/images - 2022-12-12T151417.660.jpeg,0,0,1,0,0,0,0,0,0,0,0
/Users/dell/Documents/ClaimSight/ml/data/raw/car-damage-assessment/image/746.jpeg,-1,1,0,0,0,0,0,0,0,0,1
/Users/dell/Documents/ClaimSight/ml/data/raw/car-damage-severity-dataset/data3a/training/01-minor/0160.JPEG,0,0,1,0,0,0,0,0,0,0,0
/Users/dell/Documents/ClaimSight/ml/data/raw/car-damage-severity-dataset/data3a/training/03-severe/0370.JPEG,2,0,1,0,0,0,0,0,0,0,0
/Users/dell/Documents/ClaimSight/ml/data/raw/car-damage-assessment/image/1479.jpeg,-1,1,0,0,0,0,0,0,0,0,1
/Users/dell/Documents/ClaimSight/ml/data/raw/car-damage-assessment/image/339.jpeg,-1,1,0,0,0,0,0,0,0,0,1
/Users/dell/Documents/ClaimSight/ml/data/raw/car-damage-severity-dataset/data3a/validation/01-minor/0015.JPEG,0,0,1,0,0,0,0,0,0,0,0
/Users/dell/Documents/ClaimSight/ml/data/raw/car-damage-severity-dataset/data3a/training/02-moderate/0087.jpeg,1,0,1,0,0,0,0,0,0,0,0
/Users/dell/Documents/ClaimSight/ml/data/raw/car-damage-severity-dataset/data3a/training/02-moderate/0272.JPEG,1,0,1,0,0,0,0,0,0,0,0
/Users/dell/Documents/ClaimSight/ml/data/raw/car-damage-assessment/image/315.jpeg,-1,1,0,0,0,0,0,0,0,0,1
/Users/dell/Documents/ClaimSight/ml/data/raw/car-damage-assessment/image/1434.jpeg,-1,1,0,0,0,0,0,0,0,0,1
/Users/dell/Documents/ClaimSight/ml/data/raw/car-damage-severity-dataset/data3a/training/01-minor/images (30).jpeg,0,0,1,0,0,0,0,0,0,0,0
/Users/dell/Documents/ClaimSight/ml/data/raw/car-damage-assessment/image/268.jpeg,-1,1,0,0,0,0,0,0,0,0,1
/Users/dell/Documents/ClaimSight/ml/data/raw/car-damage-assessment/image/1392.jpeg,-1,1,0,0,0,0,0,0,0,0,1
/Users/dell/Documents/ClaimSight/ml/data/raw/car-damage-assessment/image/689.jpeg,-1,1,0,0,0,0,0,0,0,0,1
/Users/dell/Documents/ClaimSight/ml/data/raw/car-damage-severity-dataset/data3a/training/01-minor/0170.JPEG,0,0,1,0,0,0,0,0,0,0,0
/Users/dell/Documents/ClaimSight/ml/data/raw/car-damage-assessment/image/102.jpeg,-1,1,0,0,0,0,0,0,0,0,1
/Users/dell/Documents/ClaimSight/ml/data/raw/car-damage-assessment/image/1428.jpeg,-1,1,0,0,0,0,0,0,0,0,1
/Users/dell/Documents/ClaimSight/ml/data/raw/car-damage-severity-dataset/data3a/validation/02-moderate/download (19).jpeg,1,0,1,0,0,0,0,0,0,0,0
/Users/dell/Documents/ClaimSight/ml/data/raw/car-damage-severity-dataset/data3a/training/02-moderate/0307.JPEG,1,0,1,0,0,0,0,0,0,0,0
/Users/dell/Documents/ClaimSight/ml/data/raw/car-damage-severity-dataset/data3a/training/03-severe/images (21).jpeg,2,0,1,0,0,0,0,0,0,0,0
/Users/dell/Documents/ClaimSight/ml/data/raw/car-damage-assessment/image/605.jpeg,-1,1,0,0,0,0,0,0,0,0,1
/Users/dell/Documents/ClaimSight/ml/data/raw/car-damage-severity-dataset/data3a/training/03-severe/images - 2022-12-13T215956.873.jpeg,2,0,1,0,0,0,0,0,0,0,0
/Users/dell/Documents/ClaimSight/ml/data/raw/car-damage-severity-dataset/data3a/training/03-severe/0079.JPEG,2,0,1,0,0,0,0,0,0,0,0
/Users/dell/Documents/ClaimSight/ml/data/raw/car-damage-severity-dataset/data3a/training/01-minor/0037.JPEG,0,0,1,0,0,0,0,0,0,0,0
/Users/dell/Documents/ClaimSight/ml/data/raw/car-damage-severity-dataset/data3a/training/01-minor/0132.JPEG,0,0,1,0,0,0,0,0,0,0,0
/Users/dell/Documents/ClaimSight/ml/data/raw/car-damage-assessment/image/393.jpeg,-1,1,0,0,0,0,0,0,0,0,1
/Users/dell/Documents/ClaimSight/ml/data/raw/car-damage-severity-dataset/data3a/validation/01-minor/images (89).jpeg,0,0,1,0,0,0,0,0,0,0,0
/Users/dell/Documents/ClaimSight/ml/data/raw/car-damage-assessment/image/699.jpeg,-1,1,0,0,0,0,0,0,0,0,1
/Users/dell/Documents/ClaimSight/ml/data/raw/car-damage-severity-dataset/data3a/training/03-severe/0301.JPEG,2,0,1,0,0,0,0,0,0,0,0
/Users/dell/Documents/ClaimSight/ml/data/raw/car-damage-severity-dataset/data3a/training/03-severe/0050.JPEG,2,0,1,0,0,0,0,0,0,0,0
/Users/dell/Documents/ClaimSight/ml/data/raw/car-damage-severity-dataset/data3a/training/01-minor/0178.JPEG,0,0,1,0,0,0,0,0,0,0,0
/Users/dell/Documents/ClaimSight/ml/data/raw/car-damage-severity-dataset/data3a/training/02-moderate/images (1).jpeg,1,0,1,0,0,0,0,0,0,0,0
/Users/dell/Documents/ClaimSight/ml/data/raw/car-damage-assessment/image/37.jpeg,-1,1,0,0,0,0,0,0,0,0,1
/Users/dell/Documents/ClaimSight/ml/data/raw/car-damage-severity-dataset/data3a/training/01-minor/download (14).jpeg,0,0,1,0,0,0,0,0,0,0,0
/Users/dell/Documents/ClaimSight/ml/data/raw/car-damage-assessment/image/1041.jpeg,-1,1,0,0,0,0,0,0,0,0,1
/Users/dell/Documents/ClaimSight/ml/data/raw/car-damage-severity-dataset/data3a/validation/01-minor/0027.jpeg,0,0,1,0,0,0,0,0,0,0,0
/Users/dell/Documents/ClaimSight/ml/data/raw/car-damage-severity-dataset/data3a/training/01-minor/images (40).jpeg,0,0,1,0,0,0,0,0,0,0,0
/Users/dell/Documents/ClaimSight/ml/data/raw/car-damage-assessment/image/1484.jpeg,-1,1,0,0,0,0,0,0,0,0,1
/Users/dell/Documents/ClaimSight/ml/data/raw/car-damage-assessment/image/191.jpeg,-1,1,0,0,0,0,0,0,0,0,1
/Users/dell/Documents/ClaimSight/ml/data/raw/car-damage-severity-dataset/data3a/validation/01-minor/images (81).jpeg,0,0,1,0,0,0,0,0,0,0,0
/Users/dell/Documents/ClaimSight/ml/data/raw/car-damage-assessment/image/1403.jpeg,-1,1,0,0,0,0,0,0,0,0,1
/Users/dell/Documents/ClaimSight/ml/data/raw/car-damage-severity-dataset/data3a/training/03-severe/0021.JPEG,2,0,1,0,0,0,0,0,0,0,0
/Users/dell/Documents/ClaimSight/ml/data/raw/car-damage-assessment/image/261.jpeg,-1,1,0,0,0,0,0,0,0,0,1
/Users/dell/Documents/ClaimSight/ml/data/raw/car-damage-severity-dataset/data3a/training/01-minor/download (15).jpeg,0,0,1,0,0,0,0,0,0,0,0
/Users/dell/Documents/ClaimSight/ml/data/raw/car-damage-severity-dataset/data3a/training/01-minor/0247.JPEG,0,0,1,0,0,0,0,0,0,0,0
/Users/dell/Documents/ClaimSight/ml/data/raw/car-damage-assessment/image/771.jpeg,-1,1,0,0,0,0,0,0,0,0,1
/Users/dell/Documents/ClaimSight/ml/data/raw/car-damage-severity-dataset/data3a/training/03-severe/0026.JPEG,2,0,1,0,0,0,0,0,0,0,0
/Users/dell/Documents/ClaimSight/ml/data/raw/car-damage-severity-dataset/data3a/training/03-severe/1383ec11b2a14fae9f3f37e7684b9f65_thb.jpg,2,0,1,0,0,0,0,0,0,0,0
/Users/dell/Documents/ClaimSight/ml/data/raw/car-damage-severity-dataset/data3a/training/02-moderate/0264.JPEG,1,0,1,0,0,0,0,0,0,0,0
/Users/dell/Documents/ClaimSight/ml/data/raw/car-damage-assessment/image/1218.jpeg,-1,1,0,0,0,0,0,0,0,0,1
/Users/dell/Documents/ClaimSight/ml/data/raw/car-damage-severity-dataset/data3a/training/01-minor/images - 2022-12-12T151413.058.jpeg,0,0,1,0,0,0,0,0,0,0,0
/Users/dell/Documents/ClaimSight/ml/data/raw/car-damage-assessment/image/802.jpeg,-1,1,0,0,0,0,0,0,0,0,1
/Users/dell/Documents/ClaimSight/ml/data/raw/car-damage-severity-dataset/data3a/training/03-severe/0210.JPEG,2,0,1,0,0,0,0,0,0,0,0
/Users/dell/Documents/ClaimSight/ml/data/raw/car-damage-assessment/image/1430.jpeg,-1,1,0,0,0,0,0,0,0,0,1
/Users/dell/Documents/ClaimSight/ml/data/raw/car-damage-assessment/image/1343.jpeg,-1,1,0,0,0,0,0,0,0,0,1
/Users/dell/Documents/ClaimSight/ml/data/raw/car-damage-assessment/image/172.jpeg,-1,1,0,0,0,0,0,0,0,0,1
/Users/dell/Documents/ClaimSight/ml/data/raw/car-damage-assessment/image/716.jpeg,-1,1,0,0,0,0,0,0,0,0,1
/Users/dell/Documents/ClaimSight/ml/data/raw/car-damage-assessment/image/289.jpeg,-1,1,0,0,0,0,0,0,0,0,1
/Users/dell/Documents/ClaimSight/ml/data/raw/car-damage-severity-dataset/data3a/training/02-moderate/0111.JPEG,1,0,1,0,0,0,0,0,0,0,0
/Users/dell/Documents/ClaimSight/ml/data/raw/car-damage-assessment/image/1193.jpeg,-1,1,0,0,0,0,0,0,0,0,1
/Users/dell/Documents/ClaimSight/ml/data/raw/car-damage-assessment/image/166.jpeg,-1,1,0,0,0,0,0,0,0,0,1
/Users/dell/Documents/ClaimSight/ml/data/raw/car-damage-assessment/image/960.jpeg,-1,1,0,0,0,0,0,0,0,0,1
/Users/dell/Documents/ClaimSight/ml/data/raw/car-damage-severity-dataset/data3a/training/02-moderate/0267.jpeg,1,0,1,0,0,0,0,0,0,0,0
/Users/dell/Documents/ClaimSight/ml/data/raw/car-damage-assessment/image/1234.jpeg,-1,1,0,0,0,0,0,0,0,0,1
/Users/dell/Documents/ClaimSight/ml/data/raw/car-damage-severity-dataset/data3a/validation/03-severe/0001.JPEG,2,0,1,0,0,0,0,0,0,0,0
/Users/dell/Documents/ClaimSight/ml/data/raw/car-damage-assessment/image/516.jpeg,-1,1,0,0,0,0,0,0,0,0,1
/Users/dell/Documents/ClaimSight/ml/data/raw/car-damage-assessment/image/581.jpeg,-1,1,0,0,0,0,0,0,0,0,1
/Users/dell/Documents/ClaimSight/ml/data/raw/car-damage-severity-dataset/data3a/training/03-severe/0221.JPEG,2,0,1,0,0,0,0,0,0,0,0
/Users/dell/Documents/ClaimSight/ml/data/raw/car-damage-severity-dataset/data3a/training/01-minor/0053.JPEG,0,0,1,0,0,0,0,0,0,0,0
/Users/dell/Documents/ClaimSight/ml/data/raw/car-damage-severity-dataset/data3a/training/02-moderate/images (49).jpeg,1,0,1,0,0,0,0,0,0,0,0
/Users/dell/Documents/ClaimSight/ml/data/raw/car-damage-assessment/image/193.jpeg,-1,1,0,0,0,0,0,0,0,0,1
/Users/dell/Documents/ClaimSight/ml/data/raw/car-damage-severity-dataset/data3a/training/02-moderate/0279.JPEG,1,0,1,0,0,0,0,0,0,0,0
/Users/dell/Documents/ClaimSight/ml/data/raw/car-damage-severity-dataset/data3a/training/01-minor/0230.JPEG,0,0,1,0,0,0,0,0,0,0,0
/Users/dell/Documents/ClaimSight/ml/data/raw/car-damage-assessment/image/685.jpeg,-1,1,0,0,0,0,0,0,0,0,1
/Users/dell/Documents/ClaimSight/ml/data/raw/car-damage-assessment/image/1325.jpeg,-1,1,0,0,0,0,1,0,0,0,0
/Users/dell/Documents/ClaimSight/ml/data/raw/car-damage-severity-dataset/data3a/training/02-moderate/acbea92ddc494768bd7117cecfe93400_thb.jpg,1,0,1,0,0,0,0,0,0,0,0
/Users/dell/Documents/ClaimSight/ml/data/raw/car-damage-severity-dataset/data3a/training/02-moderate/0207.JPEG,1,0,1,0,0,0,0,0,0,0,0
/Users/dell/Documents/ClaimSight/ml/data/raw/car-damage-assessment/image/1224.jpeg,-1,1,0,0,0,0,1,0,0,0,0
/Users/dell/Documents/ClaimSight/ml/data/raw/car-damage-assessment/image/1390.jpeg,-1,1,0,0,0,0,0,0,0,0,1
/Users/dell/Documents/ClaimSight/ml/data/raw/car-damage-assessment/image/692.jpeg,-1,1,0,0,0,0,0,0,0,0,1
/Users/dell/Documents/ClaimSight/ml/data/raw/car-damage-assessment/image/837.jpeg,-1,1,0,0,0,0,0,0,0,0,1
/Users/dell/Documents/ClaimSight/ml/data/raw/car-damage-assessment/image/793.jpeg,-1,1,0,0,0,0,0,0,0,0,1
/Users/dell/Documents/ClaimSight/ml/data/raw/car-damage-assessment/image/579.jpeg,-1,1,0,0,0,0,0,0,0,0,1
/Users/dell/Documents/ClaimSight/ml/data/raw/car-damage-severity-dataset/data3a/training/02-moderate/0073.JPEG,1,0,1,0,0,0,0,0,0,0,0
/Users/dell/Documents/ClaimSight/ml/data/raw/car-damage-assessment/image/745.jpeg,-1,1,0,0,0,0,0,0,0,0,1
/Users/dell/Documents/ClaimSight/ml/data/raw/car-damage-assessment/image/325.jpeg,-1,1,0,0,0,0,0,0,0,0,1
/Users/dell/Documents/ClaimSight/ml/data/raw/car-damage-assessment/image/1248.jpeg,-1,1,0,0,0,0,0,0,0,0,1
/Users/dell/Documents/ClaimSight/ml/data/raw/car-damage-assessment/image/1070.jpeg,-1,1,0,0,0,0,1,0,0,0,0
/Users/dell/Documents/ClaimSight/ml/data/raw/car-damage-severity-dataset/data3a/training/03-severe/0193.JPEG,2,0,1,0,0,0,0,0,0,0,0
/Users/dell/Documents/ClaimSight/ml/data/raw/car-damage-severity-dataset/data3a/validation/02-moderate/a34374b52d3f4a7baf7767853de3b285_thb.jpg,1,0,1,0,0,0,0,0,0,0,0
/Users/dell/Documents/ClaimSight/ml/data/raw/car-damage-severity-dataset/data3a/training/03-severe/0112.JPEG,2,0,1,0,0,0,0,0,0,0,0
/Users/dell/Documents/ClaimSight/ml/data/raw/car-damage-assessment/image/1449.jpeg,-1,1,0,0,0,0,0,0,0,0,1
/Users/dell/Documents/ClaimSight/ml/data/raw/car-damage-assessment/image/507.jpeg,-1,1,0,0,0,0,1,0,0,0,0
/Users/dell/Documents/ClaimSight/ml/data/raw/car-damage-severity-dataset/data3a/validation/01-minor/images (68).jpeg,0,0,1,0,0,0,0,0,0,0,0
/Users/dell/Documents/ClaimSight/ml/data/raw/car-damage-assessment/image/353.jpeg,-1,1,0,0,0,0,0,0,0,0,1
/Users/dell/Documents/ClaimSight/ml/data/raw/car-damage-assessment/image/1323.jpeg,-1,1,0,0,0,0,0,0,0,0,1
/Users/dell/Documents/ClaimSight/ml/data/raw/car-damage-severity-dataset/data3a/training/02-moderate/0193.JPEG,1,0,1,0,0,0,0,0,0,0,0
/Users/dell/Documents/ClaimSight/ml/data/raw/car-damage-assessment/image/172.jpeg,-1,1,0,0,0,0,0,0,0,0,1
/Users/dell/Documents/ClaimSight/ml/data/raw/car-damage-assessment/image/1462.jpeg,-1,1,0,0,0,0,0,0,0,0,1
/Users/dell/Documents/ClaimSight/ml/data/raw/car-damage-assessment/image/703.jpeg,-1,1,0,0,0,0,0,0,0,0,1
/Users/dell/Documents/ClaimSight/ml/data/raw/car-damage-severity-dataset/data3a/training/02-moderate/0178.JPEG,1,0,1,0,0,0,0,0,0,0,0
/Users/dell/Documents/ClaimSight/ml/data/raw/car-damage-assessment/image/922.jpeg,-1,1,0,0,0,0,0,0,0,0,1
/Users/dell/Documents/ClaimSight/ml/data/raw/car-damage-assessment/image/126.jpeg,-1,1,0,0,0,0,0,0,0,0,1
/Users/dell/Documents/ClaimSight/ml/data/raw/car-damage-severity-dataset/data3a/training/03-severe/0269.JPEG,2,0,1,0,0,0,0,0,0,0,0
/Users/dell/Documents/ClaimSight/ml/data/raw/car-damage-severity-dataset/data3a/validation/03-severe/22902b00ea70402fab96a350f87cf944_thb.jpg,2,0,1,0,0,0,0,0,0,0,0
/Users/dell/Documents/ClaimSight/ml/data/raw/car-damage-severity-dataset/data3a/training/03-severe/images - 2022-12-13T215957.069.jpeg,2,0,1,0,0,0,0,0,0,0,0
/Users/dell/Documents/ClaimSight/ml/data/raw/car-damage-severity-dataset/data3a/training/01-minor/0215.jpeg,0,0,1,0,0,0,0,0,0,0,0
/Users/dell/Documents/ClaimSight/ml/data/raw/car-damage-severity-dataset/data3a/training/02-moderate/0203.JPEG,1,0,1,0,0,0,0,0,0,0,0
/Users/dell/Documents/ClaimSight/ml/data/raw/car-damage-assessment/image/385.jpeg,-1,1,0,0,0,0,1,0,0,0,0
/Users/dell/Documents/ClaimSight/ml/data/raw/car-damage-assessment/image/1334.jpeg,-1,1,0,0,0,0,0,0,0,0,1
/Users/dell/Documents/ClaimSight/ml/data/raw/car-damage-severity-dataset/data3a/training/03-severe/0078.JPEG,2,0,1,0,0,0,0,0,0,0,0
/Users/dell/Documents/ClaimSight/ml/data/raw/car-damage-assessment/image/921.jpeg,-1,1,0,0,0,0,1,0,0,0,0
/Users/dell/Documents/ClaimSight/ml/data/raw/car-damage-severity-dataset/data3a/training/03-severe/0192.jpeg,2,0,1,0,0,0,0,0,0,0,0
/Users/dell/Documents/ClaimSight/ml/data/raw/car-damage-severity-dataset/data3a/training/02-moderate/images (55).jpeg,1,0,1,0,0,0,0,0,0,0,0
/Users/dell/Documents/ClaimSight/ml/data/raw/car-damage-assessment/image/1188.jpeg,-1,1,0,0,0,0,0,0,0,0,1
/Users/dell/Documents/ClaimSight/ml/data/raw/car-damage-severity-dataset/data3a/training/03-severe/0069.JPEG,2,0,1,0,0,0,0,0,0,0,0
/Users/dell/Documents/ClaimSight/ml/data/raw/car-damage-severity-dataset/data3a/validation/03-severe/0024.JPEG,2,0,1,0,0,0,0,0,0,0,0
/Users/dell/Documents/ClaimSight/ml/data/raw/car-damage-assessment/image/1038.jpeg,-1,1,0,0,0,0,0,0,0,0,1
/Users/dell/Documents/ClaimSight/ml/data/raw/car-damage-assessment/image/1216.jpeg,-1,1,0,0,0,0,0,0,0,0,1
/Users/dell/Documents/ClaimSight/ml/data/raw/car-damage-severity-dataset/data3a/validation/01-minor/0014.JPEG,0,0,1,0,0,0,0,0,0,0,0
/Users/dell/Documents/ClaimSight/ml/data/raw/car-damage-severity-dataset/data3a/training/01-minor/images - 2022-12-12T151413.100.jpeg,0,0,1,0,0,0,0,0,0,0,0
/Users/dell/Documents/ClaimSight/ml/data/raw/car-damage-severity-dataset/data3a/training/01-minor/f1db84b589e54f898958c912112934c7_thb.jpg,0,0,1,0,0,0,0,0,0,0,0
/Users/dell/Documents/ClaimSight/ml/data/raw/car-damage-assessment/image/157.jpeg,-1,1,0,0,0,0,0,0,0,0,1
/Users/dell/Documents/ClaimSight/ml/data/raw/car-damage-assessment/image/587.jpeg,-1,1,0,0,0,0,0,0,0,0,1
/Users/dell/Documents/ClaimSight/ml/data/raw/car-damage-severity-dataset/data3a/training/02-moderate/0304.JPEG,1,0,1,0,0,0,0,0,0,0,0
/Users/dell/Documents/ClaimSight/ml/data/raw/car-damage-assessment/image/116.jpeg,-1,1,0,0,0,0,0,0,0,0,1
/Users/dell/Documents/ClaimSight/ml/data/raw/car-damage-assessment/image/77.jpeg,-1,1,0,0,0,0,1,0,0,0,0
/Users/dell/Documents/ClaimSight/ml/data/raw/car-damage-severity-dataset/data3a/training/01-minor/0259.JPEG,0,0,1,0,0,0,0,0,0,0,0
/Users/dell/Documents/ClaimSight/ml/data/raw/car-damage-assessment/image/945.jpeg,-1,1,0,0,0,0,0,0,0,0,1
/Users/dell/Documents/ClaimSight/ml/data/raw/car-damage-severity-dataset/data3a/training/02-moderate/0239.JPEG,1,0,1,0,0,0,0,0,0,0,0
/Users/dell/Documents/ClaimSight/ml/data/raw/car-damage-severity-dataset/data3a/training/02-moderate/0114.JPEG,1,0,1,0,0,0,0,0,0,0,0
/Users/dell/Documents/ClaimSight/ml/data/raw/car-damage-severity-dataset/data3a/training/01-minor/0147.JPEG,0,0,1,0,0,0,0,0,0,0,0
/Users/dell/Documents/ClaimSight/ml/data/raw/car-damage-severity-dataset/data3a/training/01-minor/0150.JPEG,0,0,1,0,0,0,0,0,0,0,0
/Users/dell/Documents/ClaimSight/ml/data/raw/car-damage-assessment/image/115.jpeg,-1,1,0,0,0,0,0,0,0,0,1
/Users/dell/Documents/ClaimSight/ml/data/raw/car-damage-severity-dataset/data3a/training/02-moderate/0037.JPEG,1,0,1,0,0,0,0,0,0,0,0
/Users/dell/Documents/ClaimSight/ml/data/raw/car-damage-assessment/image/562.jpeg,-1,1,0,0,0,0,1,0,0,0,0
/Users/dell/Documents/ClaimSight/ml/data/raw/car-damage-assessment/image/620.jpeg,-1,1,0,0,0,0,0,0,0,0,1
/Users/dell/Documents/ClaimSight/ml/data/raw/car-damage-assessment/image/1293.jpeg,-1,1,0,0,0,0,0,0,0,0,1
/Users/dell/Documents/ClaimSight/ml/data/raw/car-damage-severity-dataset/data3a/training/01-minor/0065.JPEG,0,0,1,0,0,0,0,0,0,0,0
/Users/dell/Documents/ClaimSight/ml/data/raw/car-damage-severity-dataset/data3a/training/03-severe/0077.JPEG,2,0,1,0,0,0,0,0,0,0,0
/Users/dell/Documents/ClaimSight/ml/data/raw/car-damage-assessment/image/139.jpeg,-1,1,0,0,0,0,0,0,0,0,1
/Users/dell/Documents/ClaimSight/ml/data/raw/car-damage-assessment/image/900.jpeg,-1,1,0,0,0,0,0,0,0,0,1
/Users/dell/Documents/ClaimSight/ml/data/raw/car-damage-assessment/image/309.jpeg,-1,1,0,0,0,0,0,0,0,0,1
/Users/dell/Documents/ClaimSight/ml/data/raw/car-damage-severity-dataset/data3a/training/02-moderate/0053.JPEG,1,0,1,0,0,0,0,0,0,0,0
/Users/dell/Documents/ClaimSight/ml/data/raw/car-damage-severity-dataset/data3a/training/03-severe/0198.JPEG,2,0,1,0,0,0,0,0,0,0,0
/Users/dell/Documents/ClaimSight/ml/data/raw/car-damage-severity-dataset/data3a/training/03-severe/0276.JPEG,2,0,1,0,0,0,0,0,0,0,0
/Users/dell/Documents/ClaimSight/ml/data/raw/car-damage-assessment/image/1279.jpeg,-1,1,0,0,0,0,0,0,0,0,1
/Users/dell/Documents/ClaimSight/ml/data/raw/car-damage-severity-dataset/data3a/training/01-minor/images (62).jpeg,0,0,1,0,0,0,0,0,0,0,0
/Users/dell/Documents/ClaimSight/ml/data/raw/car-damage-severity-dataset/data3a/training/03-severe/0045.JPEG,2,0,1,0,0,0,0,0,0,0,0
/Users/dell/Documents/ClaimSight/ml/data/raw/car-damage-severity-dataset/data3a/training/01-minor/download (26).jpeg,0,0,1,0,0,0,0,0,0,0,0
/Users/dell/Documents/ClaimSight/ml/data/raw/car-damage-severity-dataset/data3a/validation/03-severe/0027.JPEG,2,0,1,0,0,0,0,0,0,0,0
/Users/dell/Documents/ClaimSight/ml/data/raw/car-damage-assessment/image/919.jpeg,-1,1,0,0,0,0,0,0,0,0,1
/Users/dell/Documents/ClaimSight/ml/data/raw/car-damage-assessment/image/1186.jpeg,-1,1,0,0,0,0,0,0,0,0,1
/Users/dell/Documents/ClaimSight/ml/data/raw/car-damage-severity-dataset/data3a/training/03-severe/0297.JPEG,2,0,1,0,0,0,0,0,0,0,0
/Users/dell/Documents/ClaimSight/ml/data/raw/car-damage-severity-dataset/data3a/validation/03-severe/download (5).jpeg,2,0,1,0,0,0,0,0,0,0,0
/Users/dell/Documents/ClaimSight/ml/data/raw/car-damage-assessment/image/1011.jpeg,-1,1,0,0,0,0,0,0,0,0,1
/Users/dell/Documents/ClaimSight/ml/data/raw/car-damage-severity-dataset/data3a/training/03-severe/7ab26f4613e644e2a19884774ea42ab4_thb.jpg,2,0,1,0,0,0,0,0,0,0,0
/Users/dell/Documents/ClaimSight/ml/data/raw/car-damage-assessment/image/362.jpeg,-1,1,0,0,0,0,0,0,0,0,1
/Users/dell/Documents/ClaimSight/ml/data/raw/car-damage-severity-dataset/data3a/training/01-minor/images - 2022-12-12T151420.569.jpeg,0,0,1,0,0,0,0,0,0,0,0
/Users/dell/Documents/ClaimSight/ml/data/raw/car-damage-assessment/image/1342.jpeg,-1,1,0,0,0,0,0,0,0,0,1
/Users/dell/Documents/ClaimSight/ml/data/raw/car-damage-assessment/image/313.jpeg,-1,1,0,0,0,0,0,0,0,0,1
/Users/dell/Documents/ClaimSight/ml/data/raw/car-damage-assessment/image/1233.jpeg,-1,1,0,0,0,0,0,0,0,0,1
/Users/dell/Documents/ClaimSight/ml/data/raw/car-damage-assessment/image/355.jpeg,-1,1,0,0,0,0,0,0,0,0,1
/Users/dell/Documents/ClaimSight/ml/data/raw/car-damage-assessment/image/404.jpeg,-1,1,0,0,0,0,0,0,0,0,1
/Users/dell/Documents/ClaimSight/ml/data/raw/car-damage-assessment/image/524.jpeg,-1,1,0,0,0,0,1,0,0,0,0
/Users/dell/Documents/ClaimSight/ml/data/raw/car-damage-assessment/image/299.jpeg,-1,1,0,0,0,0,0,0,0,0,1
/Users/dell/Documents/ClaimSight/ml/data/raw/car-damage-severity-dataset/data3a/training/02-moderate/0303.JPEG,1,0,1,0,0,0,0,0,0,0,0
/Users/dell/Documents/ClaimSight/ml/data/raw/car-damage-severity-dataset/data3a/training/01-minor/images (15).jpeg,0,0,1,0,0,0,0,0,0,0,0
/Users/dell/Documents/ClaimSight/ml/data/raw/car-damage-severity-dataset/data3a/training/01-minor/download (13).jpeg,0,0,1,0,0,0,0,0,0,0,0
/Users/dell/Documents/ClaimSight/ml/data/raw/car-damage-assessment/image/1321.jpeg,-1,1,0,0,0,0,0,0,0,0,1
/Users/dell/Documents/ClaimSight/ml/data/raw/car-damage-severity-dataset/data3a/training/01-minor/0254.JPEG,0,0,1,0,0,0,0,0,0,0,0
/Users/dell/Documents/ClaimSight/ml/data/raw/car-damage-severity-dataset/data3a/training/02-moderate/0011.JPEG,1,0,1,0,0,0,0,0,0,0,0
/Users/dell/Documents/ClaimSight/ml/data/raw/car-damage-assessment/image/715.jpeg,-1,1,0,0,0,0,0,0,0,0,1
/Users/dell/Documents/ClaimSight/ml/data/raw/car-damage-severity-dataset/data3a/validation/03-severe/0011.JPEG,2,0,1,0,0,0,0,0,0,0,0
/Users/dell/Documents/ClaimSight/ml/data/raw/car-damage-assessment/image/1044.jpeg,-1,1,0,0,0,0,0,0,0,0,1
/Users/dell/Documents/ClaimSight/ml/data/raw/car-damage-severity-dataset/data3a/training/02-moderate/0262.jpeg,1,0,1,0,0,0,0,0,0,0,0
/Users/dell/Documents/ClaimSight/ml/data/raw/car-damage-severity-dataset/data3a/training/01-minor/0059.JPEG,0,0,1,0,0,0,0,0,0,0,0
/Users/dell/Documents/ClaimSight/ml/data/raw/car-damage-severity-dataset/data3a/training/01-minor/0098.JPEG,0,0,1,0,0,0,0,0,0,0,0
/Users/dell/Documents/ClaimSight/ml/data/raw/car-damage-severity-dataset/data3a/training/02-moderate/0057.JPEG,1,0,1,0,0,0,0,0,0,0,0
/Users/dell/Documents/ClaimSight/ml/data/raw/car-damage-severity-dataset/data3a/training/03-severe/316a46d0d3c346acbeae81ff604abe86_thb.jpg,2,0,1,0,0,0,0,0,0,0,0
/Users/dell/Documents/ClaimSight/ml/data/raw/car-damage-assessment/image/344.jpeg,-1,1,0,0,0,0,0,0,0,0,1
/Users/dell/Documents/ClaimSight/ml/data/raw/car-damage-assessment/image/682.jpeg,-1,1,0,0,0,0,0,0,0,0,1
/Users/dell/Documents/ClaimSight/ml/data/raw/car-damage-severity-dataset/data3a/training/01-minor/0257.JPEG,0,0,1,0,0,0,0,0,0,0,0
/Users/dell/Documents/ClaimSight/ml/data/raw/car-damage-severity-dataset/data3a/training/01-minor/0109.JPEG,0,0,1,0,0,0,0,0,0,0,0
/Users/dell/Documents/ClaimSight/ml/data/raw/car-damage-severity-dataset/data3a/training/01-minor/0268.JPEG,0,0,1,0,0,0,0,0,0,0,0
/Users/dell/Documents/ClaimSight/ml/data/raw/car-damage-assessment/image/635.jpeg,-1,1,0,0,0,0,0,0,0,0,1
/Users/dell/Documents/ClaimSight/ml/data/raw/car-damage-severity-dataset/data3a/training/03-severe/0272.JPEG,2,0,1,0,0,0,0,0,0,0,0
/Users/dell/Documents/ClaimSight/ml/data/raw/car-damage-severity-dataset/data3a/training/02-moderate/0021.JPEG,1,0,1,0,0,0,0,0,0,0,0
/Users/dell/Documents/ClaimSight/ml/data/raw/car-damage-assessment/image/1073.jpeg,-1,1,0,0,0,0,1,0,0,0,0
/Users/dell/Documents/ClaimSight/ml/data/raw/car-damage-severity-dataset/data3a/training/01-minor/0102.JPEG,0,0,1,0,0,0,0,0,0,0,0
/Users/dell/Documents/ClaimSight/ml/data/raw/car-damage-assessment/image/1206.jpeg,-1,1,0,0,0,0,0,0,0,0,1
/Users/dell/Documents/ClaimSight/ml/data/raw/car-damage-severity-dataset/data3a/validation/01-minor/images (59).jpeg,0,0,1,0,0,0,0,0,0,0,0
/Users/dell/Documents/ClaimSight/ml/data/raw/car-damage-severity-dataset/data3a/training/03-severe/images (86).jpeg,2,0,1,0,0,0,0,0,0,0,0
/Users/dell/Documents/ClaimSight/ml/data/raw/car-damage-assessment/image/216.jpeg,-1,1,0,0,0,0,0,0,0,0,1
/Users/dell/Documents/ClaimSight/ml/data/raw/car-damage-assessment/image/894.jpeg,-1,1,0,0,0,0,0,0,0,0,1
/Users/dell/Documents/ClaimSight/ml/data/raw/car-damage-severity-dataset/data3a/training/03-severe/0282.JPEG,2,0,1,0,0,0,0,0,0,0,0
/Users/dell/Documents/ClaimSight/ml/data/raw/car-damage-severity-dataset/data3a/training/01-minor/0263.JPEG,0,0,1,0,0,0,0,0,0,0,0
/Users/dell/Documents/ClaimSight/ml/data/raw/car-damage-assessment/image/1412.jpeg,-1,1,0,0,0,0,0,0,0,0,1
/Users/dell/Documents/ClaimSight/ml/data/raw/car-damage-severity-dataset/data3a/training/02-moderate/0028.JPEG,1,0,1,0,0,0,0,0,0,0,0
/Users/dell/Documents/ClaimSight/ml/data/raw/car-damage-severity-dataset/data3a/training/01-minor/0075.JPEG,0,0,1,0,0,0,0,0,0,0,0
/Users/dell/Documents/ClaimSight/ml/data/raw/car-damage-assessment/image/351.jpeg,-1,1,0,0,0,0,0,0,0,0,1
/Users/dell/Documents/ClaimSight/ml/data/raw/car-damage-severity-dataset/data3a/training/03-severe/images (24).jpeg,2,0,1,0,0,0,0,0,0,0,0
/Users/dell/Documents/ClaimSight/ml/data/raw/car-damage-assessment/image/42.jpeg,-1,1,0,0,0,0,0,0,0,0,1
/Users/dell/Documents/ClaimSight/ml/data/raw/car-damage-assessment/image/829.jpeg,-1,1,0,0,0,0,0,0,0,0,1
/Users/dell/Documents/ClaimSight/ml/data/raw/car-damage-severity-dataset/data3a/validation/02-moderate/0016.JPEG,1,0,1,0,0,0,0,0,0,0,0
/Users/dell/Documents/ClaimSight/ml/data/raw/car-damage-severity-dataset/data3a/training/01-minor/0034.JPEG,0,0,1,0,0,0,0,0,0,0,0
/Users/dell/Documents/ClaimSight/ml/data/raw/car-damage-assessment/image/855.jpeg,-1,1,0,0,0,0,0,0,0,0,1
/Users/dell/Documents/ClaimSight/ml/data/raw/car-damage-assessment/image/1311.jpeg,-1,1,0,0,0,0,0,0,0,0,1
/Users/dell/Documents/ClaimSight/ml/data/raw/car-damage-severity-dataset/data3a/training/02-moderate/images (53).jpeg,1,0,1,0,0,0,0,0,0,0,0
/Users/dell/Documents/ClaimSight/ml/data/raw/car-damage-assessment/image/828.jpeg,-1,1,0,0,0,0,0,0,0,0,1
/Users/dell/Documents/ClaimSight/ml/data/raw/car-damage-assessment/image/1174.jpeg,-1,1,0,0,0,0,0,0,0,0,1
/Users/dell/Documents/ClaimSight/ml/data/raw/car-damage-assessment/image/879.jpeg,-1,1,0,0,0,0,0,0,0,0,1
/Users/dell/Documents/ClaimSight/ml/data/raw/car-damage-severity-dataset/data3a/training/02-moderate/0174.JPEG,1,0,1,0,0,0,0,0,0,0,0
/Users/dell/Documents/ClaimSight/ml/data/raw/car-damage-severity-dataset/data3a/training/03-severe/0024.JPEG,2,0,1,0,0,0,0,0,0,0,0
/Users/dell/Documents/ClaimSight/ml/data/raw/car-damage-assessment/image/159.jpeg,-1,1,0,0,0,0,0,0,0,0,1
/Users/dell/Documents/ClaimSight/ml/data/raw/car-damage-assessment/image/941.jpeg,-1,1,0,0,0,0,0,0,0,0,1
/Users/dell/Documents/ClaimSight/ml/data/raw/car-damage-severity-dataset/data3a/training/02-moderate/0056.JPEG,1,0,1,0,0,0,0,0,0,0,0
/Users/dell/Documents/ClaimSight/ml/data/raw/car-damage-assessment/image/893.jpeg,-1,1,0,0,0,0,0,0,0,0,1
/Users/dell/Documents/ClaimSight/ml/data/raw/car-damage-severity-dataset/data3a/validation/01-minor/0008.jpeg,0,0,1,0,0,0,0,0,0,0,0
/Users/dell/Documents/ClaimSight/ml/data/raw/car-damage-severity-dataset/data3a/training/02-moderate/0128.jpeg,1,0,1,0,0,0,0,0,0,0,0
/Users/dell/Documents/ClaimSight/ml/data/raw/car-damage-severity-dataset/data3a/training/01-minor/images - 2022-12-12T151415.502.jpeg,0,0,1,0,0,0,0,0,0,0,0
/Users/dell/Documents/ClaimSight/ml/data/raw/car-damage-severity-dataset/data3a/training/02-moderate/images (59).jpeg,1,0,1,0,0,0,0,0,0,0,0
/Users/dell/Documents/ClaimSight/ml/data/raw/car-damage-severity-dataset/data3a/training/03-severe/0244.JPEG,2,0,1,0,0,0,0,0,0,0,0
/Users/dell/Documents/ClaimSight/ml/data/raw/car-damage-assessment/image/1368.jpeg,-1,1,0,0,0,0,0,0,0,0,1
/Users/dell/Documents/ClaimSight/ml/data/raw/car-damage-assessment/image/1144.jpeg,-1,1,0,0,0,0,0,0,0,0,1
/Users/dell/Documents/ClaimSight/ml/data/raw/car-damage-severity-dataset/data3a/training/02-moderate/0047.JPEG,1,0,1,0,0,0,0,0,0,0,0
/Users/dell/Documents/ClaimSight/ml/data/raw/car-damage-assessment/image/471.jpeg,-1,1,0,0,0,0,0,0,0,0,1
/Users/dell/Documents/ClaimSight/ml/data/raw/car-damage-severity-dataset/data3a/training/03-severe/0054.jpeg,2,0,1,0,0,0,0,0,0,0,0
/Users/dell/Documents/ClaimSight/ml/data/raw/car-damage-assessment/image/1090.jpeg,-1,1,0,0,0,0,0,0,0,0,1
/Users/dell/Documents/ClaimSight/ml/data/raw/car-damage-severity-dataset/data3a/validation/03-severe/0002.JPEG,2,0,1,0,0,0,0,0,0,0,0
/Users/dell/Documents/ClaimSight/ml/data/raw/car-damage-assessment/image/264.jpeg,-1,1,0,0,0,0,0,0,0,0,1
/Users/dell/Documents/ClaimSight/ml/data/raw/car-damage-assessment/image/359.jpeg,-1,1,0,0,0,0,0,0,0,0,1
/Users/dell/Documents/ClaimSight/ml/data/raw/car-damage-severity-dataset/data3a/training/01-minor/0214.JPEG,0,0,1,0,0,0,0,0,0,0,0
/Users/dell/Documents/ClaimSight/ml/data/raw/car-damage-severity-dataset/data3a/validation/01-minor/0017.JPEG,0,0,1,0,0,0,0,0,0,0,0
/Users/dell/Documents/ClaimSight/ml/data/raw/car-damage-severity-dataset/data3a/training/03-severe/images (38).jpeg,2,0,1,0,0,0,0,0,0,0,0
/Users/dell/Documents/ClaimSight/ml/data/raw/car-damage-severity-dataset/data3a/training/01-minor/a3c01267e2674f488911328012ccb039_thb.jpg,0,0,1,0,0,0,0,0,0,0,0
/Users/dell/Documents/ClaimSight/ml/data/raw/car-damage-assessment/image/245.jpeg,-1,1,0,0,0,0,1,0,0,0,0
/Users/dell/Documents/ClaimSight/ml/data/raw/car-damage-severity-dataset/data3a/training/02-moderate/0093.JPEG,1,0,1,0,0,0,0,0,0,0,0
/Users/dell/Documents/ClaimSight/ml/data/raw/car-damage-severity-dataset/data3a/training/02-moderate/images (100).jpeg,1,0,1,0,0,0,0,0,0,0,0
/Users/dell/Documents/ClaimSight/ml/data/raw/car-damage-assessment/image/523.jpeg,-1,1,0,0,0,0,0,0,0,0,1
/Users/dell/Documents/ClaimSight/ml/data/raw/car-damage-assessment/image/907.jpeg,-1,1,0,0,0,0,0,0,0,0,1
/Users/dell/Documents/ClaimSight/ml/data/raw/car-damage-severity-dataset/data3a/training/02-moderate/images - 2022-12-13T213955.098.jpeg,1,0,1,0,0,0,0,0,0,0,0
/Users/dell/Documents/ClaimSight/ml/data/raw/car-damage-severity-dataset/data3a/training/01-minor/0128.JPEG,0,0,1,0,0,0,0,0,0,0,0
/Users/dell/Documents/ClaimSight/ml/data/raw/car-damage-severity-dataset/data3a/training/02-moderate/images (65).jpeg,1,0,1,0,0,0,0,0,0,0,0
/Users/dell/Documents/ClaimSight/ml/data/raw/car-damage-severity-dataset/data3a/training/01-minor/0249.JPEG,0,0,1,0,0,0,0,0,0,0,0
/Users/dell/Documents/ClaimSight/ml/data/raw/car-damage-severity-dataset/data3a/validation/03-severe/0045.JPEG,2,0,1,0,0,0,0,0,0,0,0
/Users/dell/Documents/ClaimSight/ml/data/raw/car-damage-assessment/image/15.jpeg,-1,1,0,0,0,0,0,0,0,0,1
/Users/dell/Documents/ClaimSight/ml/data/raw/car-damage-assessment/image/112.jpeg,-1,1,0,0,0,0,0,0,0,0,1
/Users/dell/Documents/ClaimSight/ml/data/raw/car-damage-assessment/image/1227.jpeg,-1,1,0,0,0,0,0,0,0,0,1
/Users/dell/Documents/ClaimSight/ml/data/raw/car-damage-assessment/image/809.jpeg,-1,1,0,0,0,0,0,0,0,0,1
/Users/dell/Documents/ClaimSight/ml/data/raw/car-damage-assessment/image/451.jpeg,-1,1,0,0,0,0,0,0,0,0,1
/Users/dell/Documents/ClaimSight/ml/data/raw/car-damage-assessment/image/93.jpeg,-1,1,0,0,0,0,0,0,0,0,1
/Users/dell/Documents/ClaimSight/ml/data/raw/car-damage-assessment/image/631.jpeg,-1,1,0,0,0,0,0,0,0,0,1
/Users/dell/Documents/ClaimSight/ml/data/raw/car-damage-severity-dataset/data3a/training/03-severe/0280.JPEG,2,0,1,0,0,0,0,0,0,0,0
/Users/dell/Documents/ClaimSight/ml/data/raw/car-damage-assessment/image/1079.jpeg,-1,1,0,0,0,0,0,0,0,0,1
/Users/dell/Documents/ClaimSight/ml/data/raw/car-damage-severity-dataset/data3a/training/02-moderate/images (102).jpeg,1,0,1,0,0,0,0,0,0,0,0
/Users/dell/Documents/ClaimSight/ml/data/raw/car-damage-assessment/image/1214.jpeg,-1,1,0,0,0,0,1,0,0,0,0
/Users/dell/Documents/ClaimSight/ml/data/raw/car-damage-severity-dataset/data3a/training/03-severe/images (42).jpeg,2,0,1,0,0,0,0,0,0,0,0
/Users/dell/Documents/ClaimSight/ml/data/raw/car-damage-assessment/image/1388.jpeg,-1,1,0,0,0,0,0,0,0,0,1
/Users/dell/Documents/ClaimSight/ml/data/raw/car-damage-assessment/image/580.jpeg,-1,1,0,0,0,0,0,0,0,0,1
/Users/dell/Documents/ClaimSight/ml/data/raw/car-damage-assessment/image/227.jpeg,-1,1,0,0,0,0,0,0,0,0,1
/Users/dell/Documents/ClaimSight/ml/data/raw/car-damage-severity-dataset/data3a/training/02-moderate/0230.JPEG,1,0,1,0,0,0,0,0,0,0,0
/Users/dell/Documents/ClaimSight/ml/data/raw/car-damage-assessment/image/706.jpeg,-1,1,0,0,0,0,0,0,0,0,1
/Users/dell/Documents/ClaimSight/ml/data/raw/car-damage-assessment/image/233.jpeg,-1,1,0,0,0,0,0,0,0,0,1
/Users/dell/Documents/ClaimSight/ml/data/raw/car-damage-severity-dataset/data3a/training/02-moderate/images (97).jpeg,1,0,1,0,0,0,0,0,0,0,0
/Users/dell/Documents/ClaimSight/ml/data/raw/car-damage-assessment/image/618.jpeg,-1,1,0,0,0,0,0,0,0,0,1
/Users/dell/Documents/ClaimSight/ml/data/raw/car-damage-assessment/image/441.jpeg,-1,1,0,0,0,0,0,0,0,0,1
/Users/dell/Documents/ClaimSight/ml/data/raw/car-damage-severity-dataset/data3a/training/01-minor/0113.JPEG,0,0,1,0,0,0,0,0,0,0,0
/Users/dell/Documents/ClaimSight/ml/data/raw/car-damage-assessment/image/848.jpeg,-1,1,0,0,0,0,0,0,0,0,1
/Users/dell/Documents/ClaimSight/ml/data/raw/car-damage-assessment/image/905.jpeg,-1,1,0,0,0,0,0,0,0,0,1
/Users/dell/Documents/ClaimSight/ml/data/raw/car-damage-assessment/image/1243.jpeg,-1,1,0,0,0,0,1,0,0,0,0
/Users/dell/Documents/ClaimSight/ml/data/raw/car-damage-severity-dataset/data3a/training/02-moderate/images (80).jpeg,1,0,1,0,0,0,0,0,0,0,0
/Users/dell/Documents/ClaimSight/ml/data/raw/car-damage-severity-dataset/data3a/training/02-moderate/images (36).jpeg,1,0,1,0,0,0,0,0,0,0,0
/Users/dell/Documents/ClaimSight/ml/data/raw/car-damage-severity-dataset/data3a/validation/02-moderate/0019.JPEG,1,0,1,0,0,0,0,0,0,0,0
/Users/dell/Documents/ClaimSight/ml/data/raw/car-damage-severity-dataset/data3a/training/02-moderate/images (104).jpeg,1,0,1,0,0,0,0,0,0,0,0
/Users/dell/Documents/ClaimSight/ml/data/raw/car-damage-assessment/image/557.jpeg,-1,1,0,0,0,0,0,0,0,0,1
/Users/dell/Documents/ClaimSight/ml/data/raw/car-damage-assessment/image/167.jpeg,-1,1,0,0,0,0,0,0,0,0,1
/Users/dell/Documents/ClaimSight/ml/data/raw/car-damage-assessment/image/1380.jpeg,-1,1,0,0,0,0,0,0,0,0,1
/Users/dell/Documents/ClaimSight/ml/data/raw/car-damage-severity-dataset/data3a/training/03-severe/0242.JPEG,2,0,1,0,0,0,0,0,0,0,0
/Users/dell/Documents/ClaimSight/ml/data/raw/car-damage-severity-dataset/data3a/training/02-moderate/0020.JPEG,1,0,1,0,0,0,0,0,0,0,0
/Users/dell/Documents/ClaimSight/ml/data/raw/car-damage-severity-dataset/data3a/training/02-moderate/f600a5058cd94fbf8c5a1b2600199022_thb.jpg,1,0,1,0,0,0,0,0,0,0,0
/Users/dell/Documents/ClaimSight/ml/data/raw/car-damage-severity-dataset/data3a/training/01-minor/0088.JPEG,0,0,1,0,0,0,0,0,0,0,0
/Users/dell/Documents/ClaimSight/ml/data/raw/car-damage-assessment/image/318.jpeg,-1,1,0,0,0,0,0,0,0,0,1
/Users/dell/Documents/ClaimSight/ml/data/raw/car-damage-severity-dataset/data3a/training/01-minor/0274.JPEG,0,0,1,0,0,0,0,0,0,0,0
/Users/dell/Documents/ClaimSight/ml/data/raw/car-damage-assessment/image/173.jpeg,-1,1,0,0,0,0,0,0,0,0,1
/Users/dell/Documents/ClaimSight/ml/data/raw/car-damage-assessment/image/1221.jpeg,-1,1,0,0,0,0,0,0,0,0,1
/Users/dell/Documents/ClaimSight/ml/data/raw/car-damage-severity-dataset/data3a/training/03-severe/0142.JPEG,2,0,1,0,0,0,0,0,0,0,0
/Users/dell/Documents/ClaimSight/ml/data/raw/car-damage-assessment/image/1431.jpeg,-1,1,0,0,0,0,0,0,0,0,1
/Users/dell/Documents/ClaimSight/ml/data/raw/car-damage-assessment/image/664.jpeg,-1,1,0,0,0,0,0,0,0,0,1
/Users/dell/Documents/ClaimSight/ml/data/raw/car-damage-assessment/image/1477.jpeg,-1,1,0,0,0,0,0,0,0,0,1
/Users/dell/Documents/ClaimSight/ml/data/raw/car-damage-assessment/image/638.jpeg,-1,1,0,0,0,0,0,0,0,0,1
/Users/dell/Documents/ClaimSight/ml/data/raw/car-damage-assessment/image/757.jpeg,-1,1,0,0,0,0,0,0,0,0,1
/Users/dell/Documents/ClaimSight/ml/data/raw/car-damage-severity-dataset/data3a/validation/01-minor/0043.JPEG,0,0,1,0,0,0,0,0,0,0,0
/Users/dell/Documents/ClaimSight/ml/data/raw/car-damage-assessment/image/698.jpeg,-1,1,0,0,0,0,0,0,0,0,1
/Users/dell/Documents/ClaimSight/ml/data/raw/car-damage-severity-dataset/data3a/training/02-moderate/images (113).jpeg,1,0,1,0,0,0,0,0,0,0,0
/Users/dell/Documents/ClaimSight/ml/data/raw/car-damage-assessment/image/859.jpeg,-1,1,0,0,0,0,0,0,0,0,1
/Users/dell/Documents/ClaimSight/ml/data/raw/car-damage-assessment/image/770.jpeg,-1,1,0,0,0,0,0,0,0,0,1
/Users/dell/Documents/ClaimSight/ml/data/raw/car-damage-severity-dataset/data3a/training/02-moderate/0173.JPEG,1,0,1,0,0,0,0,0,0,0,0
/Users/dell/Documents/ClaimSight/ml/data/raw/car-damage-severity-dataset/data3a/training/03-severe/0097.JPEG,2,0,1,0,0,0,0,0,0,0,0
/Users/dell/Documents/ClaimSight/ml/data/raw/car-damage-assessment/image/295.jpeg,-1,1,0,0,0,0,0,0,0,0,1
/Users/dell/Documents/ClaimSight/ml/data/raw/car-damage-severity-dataset/data3a/training/02-moderate/0308.JPEG,1,0,1,0,0,0,0,0,0,0,0
/Users/dell/Documents/ClaimSight/ml/data/raw/car-damage-severity-dataset/data3a/training/02-moderate/0106.JPEG,1,0,1,0,0,0,0,0,0,0,0
/Users/dell/Documents/ClaimSight/ml/data/raw/car-damage-severity-dataset/data3a/training/01-minor/0226.JPEG,0,0,1,0,0,0,0,0,0,0,0
/Users/dell/Documents/ClaimSight/ml/data/raw/car-damage-severity-dataset/data3a/training/02-moderate/images (71).jpeg,1,0,1,0,0,0,0,0,0,0,0
/Users/dell/Documents/ClaimSight/ml/data/raw/car-damage-severity-dataset/data3a/training/03-severe/images - 2022-12-13T215957.222.jpeg,2,0,1,0,0,0,0,0,0,0,0
/Users/dell/Documents/ClaimSight/ml/data/raw/car-damage-assessment/image/142.jpeg,-1,1,0,0,0,0,0,0,0,0,1
/Users/dell/Documents/ClaimSight/ml/data/raw/car-damage-assessment/image/820.jpeg,-1,1,0,0,0,0,0,0,0,0,1
/Users/dell/Documents/ClaimSight/ml/data/raw/car-damage-assessment/image/1346.jpeg,-1,1,0,0,0,0,0,0,0,0,1
/Users/dell/Documents/ClaimSight/ml/data/raw/car-damage-severity-dataset/data3a/validation/01-minor/0018.JPEG,0,0,1,0,0,0,0,0,0,0,0
/Users/dell/Documents/ClaimSight/ml/data/raw/car-damage-assessment/image/293.jpeg,-1,1,0,0,0,0,0,0,0,0,1
/Users/dell/Documents/ClaimSight/ml/data/raw/car-damage-assessment/image/371.jpeg,-1,1,0,0,0,0,0,0,0,0,1
/Users/dell/Documents/ClaimSight/ml/data/raw/car-damage-assessment/image/12.jpeg,-1,1,0,0,0,0,0,0,0,0,1
/Users/dell/Documents/ClaimSight/ml/data/raw/car-damage-assessment/image/718.jpeg,-1,1,0,0,0,0,0,0,0,0,1
/Users/dell/Documents/ClaimSight/ml/data/raw/car-damage-severity-dataset/data3a/training/03-severe/0144.JPEG,2,0,1,0,0,0,0,0,0,0,0
/Users/dell/Documents/ClaimSight/ml/data/raw/car-damage-severity-dataset/data3a/training/02-moderate/722fc0bf-7493-4e6e-b101-67a0047b9b26.jpeg,1,0,1,0,0,0,0,0,0,0,0
/Users/dell/Documents/ClaimSight/ml/data/raw/car-damage-severity-dataset/data3a/training/03-severe/images (31).jpeg,2,0,1,0,0,0,0,0,0,0,0
/Users/dell/Documents/ClaimSight/ml/data/raw/car-damage-assessment/image/1439.jpeg,-1,1,0,0,0,0,0,0,0,0,1
/Users/dell/Documents/ClaimSight/ml/data/raw/car-damage-severity-dataset/data3a/training/02-moderate/0145.JPEG,1,0,1,0,0,0,0,0,0,0,0
/Users/dell/Documents/ClaimSight/ml/data/raw/car-damage-severity-dataset/data3a/training/02-moderate/0015.JPEG,1,0,1,0,0,0,0,0,0,0,0
/Users/dell/Documents/ClaimSight/ml/data/raw/car-damage-assessment/image/59.jpeg,-1,1,0,0,0,0,0,0,0,0,1
/Users/dell/Documents/ClaimSight/ml/data/raw/car-damage-assessment/image/547.jpeg,-1,1,0,0,0,0,0,0,0,0,1
/Users/dell/Documents/ClaimSight/ml/data/raw/car-damage-assessment/image/1420.jpeg,-1,1,0,0,0,0,0,0,0,0,1
/Users/dell/Documents/ClaimSight/ml/data/raw/car-damage-severity-dataset/data3a/training/01-minor/0105.JPEG,0,0,1,0,0,0,0,0,0,0,0
/Users/dell/Documents/ClaimSight/ml/data/raw/car-damage-assessment/image/1347.jpeg,-1,1,0,0,0,0,0,0,0,0,1
/Users/dell/Documents/ClaimSight/ml/data/raw/car-damage-assessment/image/1247.jpeg,-1,1,0,0,0,0,0,0,0,0,1
/Users/dell/Documents/ClaimSight/ml/data/raw/car-damage-assessment/image/53.jpeg,-1,1,0,0,0,0,0,0,0,0,1
/Users/dell/Documents/ClaimSight/ml/data/raw/car-damage-severity-dataset/data3a/training/03-severe/images (29).jpeg,2,0,1,0,0,0,0,0,0,0,0
/Users/dell/Documents/ClaimSight/ml/data/raw/car-damage-assessment/image/1316.jpeg,-1,1,0,0,0,0,0,0,0,0,1
/Users/dell/Documents/ClaimSight/ml/data/raw/car-damage-severity-dataset/data3a/training/01-minor/images - 2022-12-12T151416.035.jpeg,0,0,1,0,0,0,0,0,0,0,0
/Users/dell/Documents/ClaimSight/ml/data/raw/car-damage-assessment/image/1256.jpeg,-1,1,0,0,0,0,0,0,0,0,1
/Users/dell/Documents/ClaimSight/ml/data/raw/car-damage-assessment/image/1273.jpeg,-1,1,0,0,0,0,0,0,0,0,1
/Users/dell/Documents/ClaimSight/ml/data/raw/car-damage-severity-dataset/data3a/training/01-minor/0083.JPEG,0,0,1,0,0,0,0,0,0,0,0
/Users/dell/Documents/ClaimSight/ml/data/raw/car-damage-severity-dataset/data3a/training/02-moderate/0148.JPEG,1,0,1,0,0,0,0,0,0,0,0
/Users/dell/Documents/ClaimSight/ml/data/raw/car-damage-assessment/image/1148.jpeg,-1,1,0,0,0,0,0,0,0,0,1
/Users/dell/Documents/ClaimSight/ml/data/raw/car-damage-assessment/image/878.jpeg,-1,1,0,0,0,0,0,0,0,0,1
/Users/dell/Documents/ClaimSight/ml/data/raw/car-damage-severity-dataset/data3a/training/03-severe/0362.JPEG,2,0,1,0,0,0,0,0,0,0,0
/Users/dell/Documents/ClaimSight/ml/data/raw/car-damage-assessment/image/463.jpeg,-1,1,0,0,0,0,0,0,0,0,1
/Users/dell/Documents/ClaimSight/ml/data/raw/car-damage-severity-dataset/data3a/training/03-severe/0156.JPEG,2,0,1,0,0,0,0,0,0,0,0
/Users/dell/Documents/ClaimSight/ml/data/raw/car-damage-assessment/image/570.jpeg,-1,1,0,0,0,0,0,0,0,0,1
/Users/dell/Documents/ClaimSight/ml/data/raw/car-damage-severity-dataset/data3a/training/02-moderate/0118.JPEG,1,0,1,0,0,0,0,0,0,0,0
/Users/dell/Documents/ClaimSight/ml/data/raw/car-damage-severity-dataset/data3a/training/01-minor/images.jpeg,0,0,1,0,0,0,0,0,0,0,0
/Users/dell/Documents/ClaimSight/ml/data/raw/car-damage-severity-dataset/data3a/training/01-minor/images (10).jpeg,0,0,1,0,0,0,0,0,0,0,0
/Users/dell/Documents/ClaimSight/ml/data/raw/car-damage-severity-dataset/data3a/training/01-minor/images - 2022-12-12T151418.111.jpeg,0,0,1,0,0,0,0,0,0,0,0
/Users/dell/Documents/ClaimSight/ml/data/raw/car-damage-severity-dataset/data3a/validation/03-severe/0052.JPEG,2,0,1,0,0,0,0,0,0,0,0
/Users/dell/Documents/ClaimSight/ml/data/raw/car-damage-severity-dataset/data3a/training/02-moderate/0067.JPEG,1,0,1,0,0,0,0,0,0,0,0
/Users/dell/Documents/ClaimSight/ml/data/raw/car-damage-severity-dataset/data3a/training/01-minor/0239.JPEG,0,0,1,0,0,0,0,0,0,0,0
/Users/dell/Documents/ClaimSight/ml/data/raw/car-damage-assessment/image/459.jpeg,-1,1,0,0,0,0,0,0,0,0,1
/Users/dell/Documents/ClaimSight/ml/data/raw/car-damage-assessment/image/987.jpeg,-1,1,0,0,0,0,0,0,0,0,1
/Users/dell/Documents/ClaimSight/ml/data/raw/car-damage-severity-dataset/data3a/training/03-severe/0219.JPEG,2,0,1,0,0,0,0,0,0,0,0
/Users/dell/Documents/ClaimSight/ml/data/raw/car-damage-severity-dataset/data3a/training/01-minor/images (31).jpeg,0,0,1,0,0,0,0,0,0,0,0
/Users/dell/Documents/ClaimSight/ml/data/raw/car-damage-severity-dataset/data3a/validation/01-minor/images (69).jpeg,0,0,1,0,0,0,0,0,0,0,0
/Users/dell/Documents/ClaimSight/ml/data/raw/car-damage-assessment/image/1039.jpeg,-1,1,0,0,0,0,0,0,0,0,1
/Users/dell/Documents/ClaimSight/ml/data/raw/car-damage-assessment/image/1183.jpeg,-1,1,0,0,0,0,0,0,0,0,1
/Users/dell/Documents/ClaimSight/ml/data/raw/car-damage-assessment/image/212.jpeg,-1,1,0,0,0,0,0,0,0,0,1
/Users/dell/Documents/ClaimSight/ml/data/raw/car-damage-severity-dataset/data3a/validation/03-severe/images.jpeg,2,0,1,0,0,0,0,0,0,0,0
/Users/dell/Documents/ClaimSight/ml/data/raw/car-damage-assessment/image/639.jpeg,-1,1,0,0,0,0,1,0,0,0,0
/Users/dell/Documents/ClaimSight/ml/data/raw/car-damage-assessment/image/1229.jpeg,-1,1,0,0,0,0,0,0,0,0,1
/Users/dell/Documents/ClaimSight/ml/data/raw/car-damage-assessment/image/589.jpeg,-1,1,0,0,0,0,0,0,0,0,1
/Users/dell/Documents/ClaimSight/ml/data/raw/car-damage-severity-dataset/data3a/training/02-moderate/0224.JPEG,1,0,1,0,0,0,0,0,0,0,0
/Users/dell/Documents/ClaimSight/ml/data/raw/car-damage-severity-dataset/data3a/training/01-minor/0203.JPEG,0,0,1,0,0,0,0,0,0,0,0
/Users/dell/Documents/ClaimSight/ml/data/raw/car-damage-severity-dataset/data3a/validation/01-minor/0022.JPEG,0,0,1,0,0,0,0,0,0,0,0
/Users/dell/Documents/ClaimSight/ml/data/raw/car-damage-assessment/image/436.jpeg,-1,1,0,0,0,0,0,0,0,0,1
/Users/dell/Documents/ClaimSight/ml/data/raw/car-damage-severity-dataset/data3a/validation/03-severe/0020.JPEG,2,0,1,0,0,0,0,0,0,0,0
/Users/dell/Documents/ClaimSight/ml/data/raw/car-damage-assessment/image/724.jpeg,-1,1,0,0,0,0,1,0,0,0,0
/Users/dell/Documents/ClaimSight/ml/data/raw/car-damage-assessment/image/841.jpeg,-1,1,0,0,0,0,0,0,0,0,1
/Users/dell/Documents/ClaimSight/ml/data/raw/car-damage-severity-dataset/data3a/training/03-severe/0004.JPEG,2,0,1,0,0,0,0,0,0,0,0
/Users/dell/Documents/ClaimSight/ml/data/raw/car-damage-severity-dataset/data3a/training/03-severe/images (52).jpeg,2,0,1,0,0,0,0,0,0,0,0
/Users/dell/Documents/ClaimSight/ml/data/raw/car-damage-assessment/image/675.jpeg,-1,1,0,0,0,0,0,0,0,0,1
/Users/dell/Documents/ClaimSight/ml/data/raw/car-damage-severity-dataset/data3a/training/01-minor/d3ab4d0329d34c95bf09369aac45b599_thb.jpg,0,0,1,0,0,0,0,0,0,0,0
/Users/dell/Documents/ClaimSight/ml/data/raw/car-damage-assessment/image/1150.jpeg,-1,1,0,0,0,0,0,0,0,0,1
/Users/dell/Documents/ClaimSight/ml/data/raw/car-damage-severity-dataset/data3a/training/03-severe/0110.JPEG,2,0,1,0,0,0,0,0,0,0,0
/Users/dell/Documents/ClaimSight/ml/data/raw/car-damage-severity-dataset/data3a/validation/03-severe/808a08e850f248c6a3ec2aa5f899a5a0_thb.jpg,2,0,1,0,0,0,0,0,0,0,0
/Users/dell/Documents/ClaimSight/ml/data/raw/car-damage-severity-dataset/data3a/training/03-severe/0274.JPEG,2,0,1,0,0,0,0,0,0,0,0
/Users/dell/Documents/ClaimSight/ml/data/raw/car-damage-severity-dataset/data3a/training/01-minor/a888f89ee9f04541a06096e7424f08fb_thb.jpg,0,0,1,0,0,0,0,0,0,0,0
/Users/dell/Documents/ClaimSight/ml/data/raw/car-damage-severity-dataset/data3a/training/01-minor/0069.JPEG,0,0,1,0,0,0,0,0,0,0,0
/Users/dell/Documents/ClaimSight/ml/data/raw/car-damage-assessment/image/763.jpeg,-1,1,0,0,0,0,0,0,0,0,1
/Users/dell/Documents/ClaimSight/ml/data/raw/car-damage-severity-dataset/data3a/training/03-severe/0319.JPEG,2,0,1,0,0,0,0,0,0,0,0
/Users/dell/Documents/ClaimSight/ml/data/raw/car-damage-assessment/image/260.jpeg,-1,1,0,0,0,0,0,0,0,0,1
/Users/dell/Documents/ClaimSight/ml/data/raw/car-damage-assessment/image/197.jpeg,-1,1,0,0,0,0,0,0,0,0,1
/Users/dell/Documents/ClaimSight/ml/data/raw/car-damage-assessment/image/884.jpeg,-1,1,0,0,0,0,0,0,0,0,1
/Users/dell/Documents/ClaimSight/ml/data/raw/car-damage-assessment/image/190.jpeg,-1,1,0,0,0,0,0,0,0,0,1
/Users/dell/Documents/ClaimSight/ml/data/raw/car-damage-assessment/image/174.jpeg,-1,1,0,0,0,0,0,0,0,0,1
/Users/dell/Documents/ClaimSight/ml/data/raw/car-damage-severity-dataset/data3a/training/03-severe/0083.JPEG,2,0,1,0,0,0,0,0,0,0,0
/Users/dell/Documents/ClaimSight/ml/data/raw/car-damage-severity-dataset/data3a/training/02-moderate/18d42df6c365413bb3e9d3c7a79fdf61_thb.jpg,1,0,1,0,0,0,0,0,0,0,0
/Users/dell/Documents/ClaimSight/ml/data/raw/car-damage-assessment/image/137.jpeg,-1,1,0,0,0,0,0,0,0,0,1
/Users/dell/Documents/ClaimSight/ml/data/raw/car-damage-severity-dataset/data3a/training/02-moderate/0040.JPEG,1,0,1,0,0,0,0,0,0,0,0
/Users/dell/Documents/ClaimSight/ml/data/raw/car-damage-assessment/image/1406.jpeg,-1,1,0,0,0,0,0,0,0,0,1
/Users/dell/Documents/ClaimSight/ml/data/raw/car-damage-assessment/image/312.jpeg,-1,1,0,0,0,0,0,0,0,0,1
/Users/dell/Documents/ClaimSight/ml/data/raw/car-damage-assessment/image/766.jpeg,-1,1,0,0,0,0,0,0,0,0,1
/Users/dell/Documents/ClaimSight/ml/data/raw/car-damage-severity-dataset/data3a/training/03-severe/0029.JPEG,2,0,1,0,0,0,0,0,0,0,0
/Users/dell/Documents/ClaimSight/ml/data/raw/car-damage-assessment/image/1362.jpeg,-1,1,0,0,0,0,1,0,0,0,0
/Users/dell/Documents/ClaimSight/ml/data/raw/car-damage-severity-dataset/data3a/training/01-minor/0189.JPEG,0,0,1,0,0,0,0,0,0,0,0
/Users/dell/Documents/ClaimSight/ml/data/raw/car-damage-assessment/image/874.jpeg,-1,1,0,0,0,0,0,0,0,0,1
/Users/dell/Documents/ClaimSight/ml/data/raw/car-damage-assessment/image/640.jpeg,-1,1,0,0,0,0,0,0,0,0,1
/Users/dell/Documents/ClaimSight/ml/data/raw/car-damage-assessment/image/194.jpeg,-1,1,0,0,0,0,0,0,0,0,1
/Users/dell/Documents/ClaimSight/ml/data/raw/car-damage-severity-dataset/data3a/training/02-moderate/0017.JPEG,1,0,1,0,0,0,0,0,0,0,0
/Users/dell/Documents/ClaimSight/ml/data/raw/car-damage-severity-dataset/data3a/training/02-moderate/0275.JPEG,1,0,1,0,0,0,0,0,0,0,0
/Users/dell/Documents/ClaimSight/ml/data/raw/car-damage-severity-dataset/data3a/training/02-moderate/images - 2022-12-12T151414.507.jpeg,1,0,1,0,0,0,0,0,0,0,0
/Users/dell/Documents/ClaimSight/ml/data/raw/car-damage-assessment/image/928.jpeg,-1,1,0,0,0,0,0,0,0,0,1
/Users/dell/Documents/ClaimSight/ml/data/raw/car-damage-severity-dataset/data3a/training/01-minor/0101.JPEG,0,0,1,0,0,0,0,0,0,0,0
/Users/dell/Documents/ClaimSight/ml/data/raw/car-damage-assessment/image/694.jpeg,-1,1,0,0,0,0,0,0,0,0,1
/Users/dell/Documents/ClaimSight/ml/data/raw/car-damage-severity-dataset/data3a/training/03-severe/0057.JPEG,2,0,1,0,0,0,0,0,0,0,0
/Users/dell/Documents/ClaimSight/ml/data/raw/car-damage-severity-dataset/data3a/training/02-moderate/0300.JPEG,1,0,1,0,0,0,0,0,0,0,0
/Users/dell/Documents/ClaimSight/ml/data/raw/car-damage-severity-dataset/data3a/training/02-moderate/0285.JPEG,1,0,1,0,0,0,0,0,0,0,0
/Users/dell/Documents/ClaimSight/ml/data/raw/car-damage-assessment/image/880.jpeg,-1,1,0,0,0,0,0,0,0,0,1
/Users/dell/Documents/ClaimSight/ml/data/raw/car-damage-assessment/image/440.jpeg,-1,1,0,0,0,0,0,0,0,0,1
/Users/dell/Documents/ClaimSight/ml/data/raw/car-damage-severity-dataset/data3a/training/01-minor/0179.JPEG,0,0,1,0,0,0,0,0,0,0,0
/Users/dell/Documents/ClaimSight/ml/data/raw/car-damage-assessment/image/1476.jpeg,-1,1,0,0,0,0,0,0,0,0,1
/Users/dell/Documents/ClaimSight/ml/data/raw/car-damage-assessment/image/1129.jpeg,-1,1,0,0,0,0,1,0,0,0,0
/Users/dell/Documents/ClaimSight/ml/data/raw/car-damage-assessment/image/1065.jpeg,-1,1,0,0,0,0,0,0,0,0,1
/Users/dell/Documents/ClaimSight/ml/data/raw/car-damage-severity-dataset/data3a/training/01-minor/0204.JPEG,0,0,1,0,0,0,0,0,0,0,0
/Users/dell/Documents/ClaimSight/ml/data/raw/car-damage-assessment/image/1333.jpeg,-1,1,0,0,0,0,0,0,0,0,1
/Users/dell/Documents/ClaimSight/ml/data/raw/car-damage-severity-dataset/data3a/training/03-severe/0014.JPEG,2,0,1,0,0,0,0,0,0,0,0
/Users/dell/Documents/ClaimSight/ml/data/raw/car-damage-severity-dataset/data3a/training/01-minor/0153.JPEG,0,0,1,0,0,0,0,0,0,0,0
/Users/dell/Documents/ClaimSight/ml/data/raw/car-damage-severity-dataset/data3a/training/03-severe/0378.JPEG,2,0,1,0,0,0,0,0,0,0,0
/Users/dell/Documents/ClaimSight/ml/data/raw/car-damage-assessment/image/1437.jpeg,-1,1,0,0,0,0,0,0,0,0,1
/Users/dell/Documents/ClaimSight/ml/data/raw/car-damage-severity-dataset/data3a/training/02-moderate/images (84).jpeg,1,0,1,0,0,0,0,0,0,0,0
/Users/dell/Documents/ClaimSight/ml/data/raw/car-damage-severity-dataset/data3a/training/01-minor/images (37).jpeg,0,0,1,0,0,0,0,0,0,0,0
/Users/dell/Documents/ClaimSight/ml/data/raw/car-damage-severity-dataset/data3a/validation/03-severe/0048.jpeg,2,0,1,0,0,0,0,0,0,0,0
/Users/dell/Documents/ClaimSight/ml/data/raw/car-damage-severity-dataset/data3a/training/03-severe/0314.JPEG,2,0,1,0,0,0,0,0,0,0,0
/Users/dell/Documents/ClaimSight/ml/data/raw/car-damage-assessment/image/1035.jpeg,-1,1,0,0,0,0,1,0,0,0,0
/Users/dell/Documents/ClaimSight/ml/data/raw/car-damage-severity-dataset/data3a/training/01-minor/images (42).jpeg,0,0,1,0,0,0,0,0,0,0,0
/Users/dell/Documents/ClaimSight/ml/data/raw/car-damage-severity-dataset/data3a/training/03-severe/0132.JPEG,2,0,1,0,0,0,0,0,0,0,0
/Users/dell/Documents/ClaimSight/ml/data/raw/car-damage-severity-dataset/data3a/training/03-severe/0324.JPEG,2,0,1,0,0,0,0,0,0,0,0
/Users/dell/Documents/ClaimSight/ml/data/raw/car-damage-severity-dataset/data3a/training/03-severe/0047.JPEG,2,0,1,0,0,0,0,0,0,0,0
/Users/dell/Documents/ClaimSight/ml/data/raw/car-damage-severity-dataset/data3a/training/01-minor/images (88).jpeg,0,0,1,0,0,0,0,0,0,0,0
/Users/dell/Documents/ClaimSight/ml/data/raw/car-damage-severity-dataset/data3a/training/03-severe/0245.JPEG,2,0,1,0,0,0,0,0,0,0,0
/Users/dell/Documents/ClaimSight/ml/data/raw/car-damage-severity-dataset/data3a/training/01-minor/0237.JPEG,0,0,1,0,0,0,0,0,0,0,0
/Users/dell/Documents/ClaimSight/ml/data/raw/car-damage-severity-dataset/data3a/validation/03-severe/0025.JPEG,2,0,1,0,0,0,0,0,0,0,0
/Users/dell/Documents/ClaimSight/ml/data/raw/car-damage-assessment/image/1198.jpeg,-1,1,0,0,0,0,0,0,0,0,1
/Users/dell/Documents/ClaimSight/ml/data/raw/car-damage-assessment/image/1296.jpeg,-1,1,0,0,0,0,0,0,0,0,1
/Users/dell/Documents/ClaimSight/ml/data/raw/car-damage-assessment/image/1278.jpeg,-1,1,0,0,0,0,0,0,0,0,1
/Users/dell/Documents/ClaimSight/ml/data/raw/car-damage-assessment/image/563.jpeg,-1,1,0,0,0,0,0,0,0,0,1
/Users/dell/Documents/ClaimSight/ml/data/raw/car-damage-assessment/image/258.jpeg,-1,1,0,0,0,0,0,0,0,0,1
/Users/dell/Documents/ClaimSight/ml/data/raw/car-damage-assessment/image/134.jpeg,-1,1,0,0,0,0,0,0,0,0,1
/Users/dell/Documents/ClaimSight/ml/data/raw/car-damage-severity-dataset/data3a/training/02-moderate/0296.JPEG,1,0,1,0,0,0,0,0,0,0,0
/Users/dell/Documents/ClaimSight/ml/data/raw/car-damage-severity-dataset/data3a/validation/02-moderate/ad321d3a82934b77aa5a4a9431e43b85_thb.jpg,1,0,1,0,0,0,0,0,0,0,0
/Users/dell/Documents/ClaimSight/ml/data/raw/car-damage-assessment/image/659.jpeg,-1,1,0,0,0,0,0,0,0,0,1
/Users/dell/Documents/ClaimSight/ml/data/raw/car-damage-assessment/image/165.jpeg,-1,1,0,0,0,0,1,0,0,0,0
/Users/dell/Documents/ClaimSight/ml/data/raw/car-damage-severity-dataset/data3a/training/02-moderate/0197.JPEG,1,0,1,0,0,0,0,0,0,0,0
/Users/dell/Documents/ClaimSight/ml/data/raw/car-damage-severity-dataset/data3a/training/01-minor/images (17).jpeg,0,0,1,0,0,0,0,0,0,0,0
/Users/dell/Documents/ClaimSight/ml/data/raw/car-damage-assessment/image/1458.jpeg,-1,1,0,0,0,0,1,0,0,0,0
/Users/dell/Documents/ClaimSight/ml/data/raw/car-damage-assessment/image/1004.jpeg,-1,1,0,0,0,0,0,0,0,0,1
/Users/dell/Documents/ClaimSight/ml/data/raw/car-damage-severity-dataset/data3a/training/02-moderate/images (66).jpeg,1,0,1,0,0,0,0,0,0,0,0
/Users/dell/Documents/ClaimSight/ml/data/raw/car-damage-assessment/image/1405.jpeg,-1,1,0,0,0,0,1,0,0,0,0
/Users/dell/Documents/ClaimSight/ml/data/raw/car-damage-severity-dataset/data3a/training/03-severe/0326.JPEG,2,0,1,0,0,0,0,0,0,0,0
/Users/dell/Documents/ClaimSight/ml/data/raw/car-damage-severity-dataset/data3a/training/02-moderate/0010.JPEG,1,0,1,0,0,0,0,0,0,0,0
/Users/dell/Documents/ClaimSight/ml/data/raw/car-damage-severity-dataset/data3a/training/01-minor/0142.JPEG,0,0,1,0,0,0,0,0,0,0,0
/Users/dell/Documents/ClaimSight/ml/data/raw/car-damage-severity-dataset/data3a/training/03-severe/images (19).jpeg,2,0,1,0,0,0,0,0,0,0,0
/Users/dell/Documents/ClaimSight/ml/data/raw/car-damage-severity-dataset/data3a/training/01-minor/e6fc41f1d1c84530b623c6cb180b2afb_thb.jpg,0,0,1,0,0,0,0,0,0,0,0
/Users/dell/Documents/ClaimSight/ml/data/raw/car-damage-assessment/image/63.jpeg,-1,1,0,0,0,0,0,0,0,0,1
/Users/dell/Documents/ClaimSight/ml/data/raw/car-damage-assessment/image/1317.jpeg,-1,1,0,0,0,0,0,0,0,0,1
/Users/dell/Documents/ClaimSight/ml/data/raw/car-damage-severity-dataset/data3a/validation/02-moderate/495920c32ade4ac6ae7f9788fd7dfd24_thb.jpg,1,0,1,0,0,0,0,0,0,0,0
/Users/dell/Documents/ClaimSight/ml/data/raw/car-damage-severity-dataset/data3a/training/03-severe/0070.JPEG,2,0,1,0,0,0,0,0,0,0,0
/Users/dell/Documents/ClaimSight/ml/data/raw/car-damage-assessment/image/1067.jpeg,-1,1,0,0,0,0,0,0,0,0,1
/Users/dell/Documents/ClaimSight/ml/data/raw/car-damage-assessment/image/1349.jpeg,-1,1,0,0,0,0,0,0,0,0,1
/Users/dell/Documents/ClaimSight/ml/data/raw/car-damage-severity-dataset/data3a/training/02-moderate/images (64).jpeg,1,0,1,0,0,0,0,0,0,0,0
/Users/dell/Documents/ClaimSight/ml/data/raw/car-damage-severity-dataset/data3a/training/01-minor/0011.JPEG,0,0,1,0,0,0,0,0,0,0,0
/Users/dell/Documents/ClaimSight/ml/data/raw/car-damage-assessment/image/1489.jpeg,-1,1,0,0,0,0,0,0,0,0,1
/Users/dell/Documents/ClaimSight/ml/data/raw/car-damage-assessment/image/88.jpeg,-1,1,0,0,0,0,0,0,0,0,1
/Users/dell/Documents/ClaimSight/ml/data/raw/car-damage-severity-dataset/data3a/training/02-moderate/0241.jpeg,1,0,1,0,0,0,0,0,0,0,0
/Users/dell/Documents/ClaimSight/ml/data/raw/car-damage-severity-dataset/data3a/training/01-minor/images (65).jpeg,0,0,1,0,0,0,0,0,0,0,0
/Users/dell/Documents/ClaimSight/ml/data/raw/car-damage-assessment/image/1031.jpeg,-1,1,0,0,0,0,0,0,0,0,1
/Users/dell/Documents/ClaimSight/ml/data/raw/car-damage-assessment/image/925.jpeg,-1,1,0,0,0,0,0,0,0,0,1
/Users/dell/Documents/ClaimSight/ml/data/raw/car-damage-severity-dataset/data3a/training/02-moderate/06069fefa2294ca9a4bd4e3c146ede53_thb.jpg,1,0,1,0,0,0,0,0,0,0,0
/Users/dell/Documents/ClaimSight/ml/data/raw/car-damage-severity-dataset/data3a/training/03-severe/0385.JPEG,2,0,1,0,0,0,0,0,0,0,0
/Users/dell/Documents/ClaimSight/ml/data/raw/car-damage-assessment/image/1051.jpeg,-1,1,0,0,0,0,0,0,0,0,1
/Users/dell/Documents/ClaimSight/ml/data/raw/car-damage-assessment/image/741.jpeg,-1,1,0,0,0,0,0,0,0,0,1
/Users/dell/Documents/ClaimSight/ml/data/raw/car-damage-assessment/image/1500.jpeg,-1,1,0,0,0,0,0,0,0,0,1
/Users/dell/Documents/ClaimSight/ml/data/raw/car-damage-severity-dataset/data3a/training/02-moderate/images - 2022-12-13T213955.147.jpeg,1,0,1,0,0,0,0,0,0,0,0
/Users/dell/Documents/ClaimSight/ml/data/raw/car-damage-assessment/image/975.jpeg,-1,1,0,0,0,0,0,0,0,0,1
/Users/dell/Documents/ClaimSight/ml/data/raw/car-damage-severity-dataset/data3a/validation/03-severe/c3d15ce7351047aaba68bba9a1b862bc_thb.jpg,2,0,1,0,0,0,0,0,0,0,0
/Users/dell/Documents/ClaimSight/ml/data/raw/car-damage-assessment/image/292.jpeg,-1,1,0,0,0,0,0,0,0,0,1
/Users/dell/Documents/ClaimSight/ml/data/raw/car-damage-severity-dataset/data3a/training/03-severe/0371.JPEG,2,0,1,0,0,0,0,0,0,0,0
/Users/dell/Documents/ClaimSight/ml/data/raw/car-damage-assessment/image/1077.jpeg,-1,1,0,0,0,0,0,0,0,0,1
/Users/dell/Documents/ClaimSight/ml/data/raw/car-damage-severity-dataset/data3a/validation/02-moderate/9a620aee6a7f4a4b8d90f1f8181bc880_thb.jpg,1,0,1,0,0,0,0,0,0,0,0
/Users/dell/Documents/ClaimSight/ml/data/raw/car-damage-assessment/image/175.jpeg,-1,1,0,0,0,0,0,0,0,0,1
/Users/dell/Documents/ClaimSight/ml/data/raw/car-damage-assessment/image/259.jpeg,-1,1,0,0,0,0,0,0,0,0,1
/Users/dell/Documents/ClaimSight/ml/data/raw/car-damage-assessment/image/107.jpeg,-1,1,0,0,0,0,0,0,0,0,1
/Users/dell/Documents/ClaimSight/ml/data/raw/car-damage-assessment/image/543.jpeg,-1,1,0,0,0,0,0,0,0,0,1
/Users/dell/Documents/ClaimSight/ml/data/raw/car-damage-severity-dataset/data3a/validation/03-severe/download (1).jpeg,2,0,1,0,0,0,0,0,0,0,0
/Users/dell/Documents/ClaimSight/ml/data/raw/car-damage-severity-dataset/data3a/training/03-severe/0310.JPEG,2,0,1,0,0,0,0,0,0,0,0
/Users/dell/Documents/ClaimSight/ml/data/raw/car-damage-assessment/image/663.jpeg,-1,1,0,0,0,0,1,0,0,0,0
/Users/dell/Documents/ClaimSight/ml/data/raw/car-damage-severity-dataset/data3a/training/02-moderate/images (105).jpeg,1,0,1,0,0,0,0,0,0,0,0
/Users/dell/Documents/ClaimSight/ml/data/raw/car-damage-assessment/image/487.jpeg,-1,1,0,0,0,0,0,0,0,0,1
/Users/dell/Documents/ClaimSight/ml/data/raw/car-damage-severity-dataset/data3a/training/01-minor/0021.JPEG,0,0,1,0,0,0,0,0,0,0,0
/Users/dell/Documents/ClaimSight/ml/data/raw/car-damage-severity-dataset/data3a/training/01-minor/0024.JPEG,0,0,1,0,0,0,0,0,0,0,0
/Users/dell/Documents/ClaimSight/ml/data/raw/car-damage-assessment/image/733.jpeg,-1,1,0,0,0,0,0,0,0,0,1
/Users/dell/Documents/ClaimSight/ml/data/raw/car-damage-assessment/image/30.jpeg,-1,1,0,0,0,0,0,0,0,0,1
/Users/dell/Documents/ClaimSight/ml/data/raw/car-damage-assessment/image/269.jpeg,-1,1,0,0,0,0,0,0,0,0,1
/Users/dell/Documents/ClaimSight/ml/data/raw/car-damage-assessment/image/52.jpeg,-1,1,0,0,0,0,0,0,0,0,1
/Users/dell/Documents/ClaimSight/ml/data/raw/car-damage-severity-dataset/data3a/training/01-minor/0181.JPEG,0,0,1,0,0,0,0,0,0,0,0
/Users/dell/Documents/ClaimSight/ml/data/raw/car-damage-severity-dataset/data3a/training/03-severe/images - 2022-12-13T215957.318.jpeg,2,0,1,0,0,0,0,0,0,0,0
/Users/dell/Documents/ClaimSight/ml/data/raw/car-damage-assessment/image/225.jpeg,-1,1,0,0,0,0,0,0,0,0,1
/Users/dell/Documents/ClaimSight/ml/data/raw/car-damage-assessment/image/357.jpeg,-1,1,0,0,0,0,0,0,0,0,1
/Users/dell/Documents/ClaimSight/ml/data/raw/car-damage-severity-dataset/data3a/validation/02-moderate/0029.JPEG,1,0,1,0,0,0,0,0,0,0,0
/Users/dell/Documents/ClaimSight/ml/data/raw/car-damage-assessment/image/513.jpeg,-1,1,0,0,0,0,0,0,0,0,1
/Users/dell/Documents/ClaimSight/ml/data/raw/car-damage-severity-dataset/data3a/training/01-minor/images (36).jpeg,0,0,1,0,0,0,0,0,0,0,0
/Users/dell/Documents/ClaimSight/ml/data/raw/car-damage-assessment/image/266.jpeg,-1,1,0,0,0,0,0,0,0,0,1
/Users/dell/Documents/ClaimSight/ml/data/raw/car-damage-assessment/image/296.jpeg,-1,1,0,0,0,0,0,0,0,0,1
/Users/dell/Documents/ClaimSight/ml/data/raw/car-damage-severity-dataset/data3a/training/01-minor/0165.JPEG,0,0,1,0,0,0,0,0,0,0,0
/Users/dell/Documents/ClaimSight/ml/data/raw/car-damage-assessment/image/567.jpeg,-1,1,0,0,0,0,0,0,0,0,1
/Users/dell/Documents/ClaimSight/ml/data/raw/car-damage-assessment/image/5.jpeg,-1,1,0,0,0,0,0,0,0,0,1
/Users/dell/Documents/ClaimSight/ml/data/raw/car-damage-assessment/image/1220.jpeg,-1,1,0,0,0,0,0,0,0,0,1
/Users/dell/Documents/ClaimSight/ml/data/raw/car-damage-severity-dataset/data3a/training/01-minor/0251.JPEG,0,0,1,0,0,0,0,0,0,0,0
/Users/dell/Documents/ClaimSight/ml/data/raw/car-damage-severity-dataset/data3a/training/01-minor/0022.JPEG,0,0,1,0,0,0,0,0,0,0,0
/Users/dell/Documents/ClaimSight/ml/data/raw/car-damage-severity-dataset/data3a/training/02-moderate/0052.JPEG,1,0,1,0,0,0,0,0,0,0,0
/Users/dell/Documents/ClaimSight/ml/data/raw/car-damage-assessment/image/1339.jpeg,-1,1,0,0,0,0,0,0,0,0,1
/Users/dell/Documents/ClaimSight/ml/data/raw/car-damage-assessment/image/672.jpeg,-1,1,0,0,0,0,0,0,0,0,1
/Users/dell/Documents/ClaimSight/ml/data/raw/car-damage-assessment/image/477.jpeg,-1,1,0,0,0,0,0,0,0,0,1
/Users/dell/Documents/ClaimSight/ml/data/raw/car-damage-severity-dataset/data3a/training/01-minor/0188.JPEG,0,0,1,0,0,0,0,0,0,0,0
/Users/dell/Documents/ClaimSight/ml/data/raw/car-damage-severity-dataset/data3a/training/01-minor/0072.JPEG,0,0,1,0,0,0,0,0,0,0,0
/Users/dell/Documents/ClaimSight/ml/data/raw/car-damage-severity-dataset/data3a/training/03-severe/0152.JPEG,2,0,1,0,0,0,0,0,0,0,0
/Users/dell/Documents/ClaimSight/ml/data/raw/car-damage-severity-dataset/data3a/validation/03-severe/0029.JPEG,2,0,1,0,0,0,0,0,0,0,0
/Users/dell/Documents/ClaimSight/ml/data/raw/car-damage-severity-dataset/data3a/training/03-severe/0305.JPEG,2,0,1,0,0,0,0,0,0,0,0
/Users/dell/Documents/ClaimSight/ml/data/raw/car-damage-severity-dataset/data3a/training/03-severe/0086.JPEG,2,0,1,0,0,0,0,0,0,0,0
/Users/dell/Documents/ClaimSight/ml/data/raw/car-damage-assessment/image/934.jpeg,-1,1,0,0,0,0,0,0,0,0,1
/Users/dell/Documents/ClaimSight/ml/data/raw/car-damage-severity-dataset/data3a/training/02-moderate/2497b894c0514209a2310265d5946c9f_thb.jpg,1,0,1,0,0,0,0,0,0,0,0
/Users/dell/Documents/ClaimSight/ml/data/raw/car-damage-assessment/image/140.jpeg,-1,1,0,0,0,0,0,0,0,0,1
/Users/dell/Documents/ClaimSight/ml/data/raw/car-damage-severity-dataset/data3a/training/03-severe/0122.JPEG,2,0,1,0,0,0,0,0,0,0,0
/Users/dell/Documents/ClaimSight/ml/data/raw/car-damage-assessment/image/1156.jpeg,-1,1,0,0,0,0,0,0,0,0,1
/Users/dell/Documents/ClaimSight/ml/data/raw/car-damage-severity-dataset/data3a/training/03-severe/0030.JPEG,2,0,1,0,0,0,0,0,0,0,0
/Users/dell/Documents/ClaimSight/ml/data/raw/car-damage-assessment/image/257.jpeg,-1,1,0,0,0,0,0,0,0,0,1
/Users/dell/Documents/ClaimSight/ml/data/raw/car-damage-assessment/image/498.jpeg,-1,1,0,0,0,0,0,0,0,0,1
/Users/dell/Documents/ClaimSight/ml/data/raw/car-damage-assessment/image/683.jpeg,-1,1,0,0,0,0,1,0,0,0,0
/Users/dell/Documents/ClaimSight/ml/data/raw/car-damage-severity-dataset/data3a/training/01-minor/0018.JPEG,0,0,1,0,0,0,0,0,0,0,0
/Users/dell/Documents/ClaimSight/ml/data/raw/car-damage-assessment/image/103.jpeg,-1,1,0,0,0,0,0,0,0,0,1
/Users/dell/Documents/ClaimSight/ml/data/raw/car-damage-assessment/image/43.jpeg,-1,1,0,0,0,0,0,0,0,0,1
/Users/dell/Documents/ClaimSight/ml/data/raw/car-damage-severity-dataset/data3a/validation/01-minor/0038.JPEG,0,0,1,0,0,0,0,0,0,0,0
/Users/dell/Documents/ClaimSight/ml/data/raw/car-damage-severity-dataset/data3a/training/03-severe/0074.JPEG,2,0,1,0,0,0,0,0,0,0,0
/Users/dell/Documents/ClaimSight/ml/data/raw/car-damage-assessment/image/1314.jpeg,-1,1,0,0,0,0,0,0,0,0,1
/Users/dell/Documents/ClaimSight/ml/data/raw/car-damage-assessment/image/434.jpeg,-1,1,0,0,0,0,0,0,0,0,1
/Users/dell/Documents/ClaimSight/ml/data/raw/car-damage-assessment/image/1357.jpeg,-1,1,0,0,0,0,0,0,0,0,1
/Users/dell/Documents/ClaimSight/ml/data/raw/car-damage-severity-dataset/data3a/validation/03-severe/0021.JPEG,2,0,1,0,0,0,0,0,0,0,0
/Users/dell/Documents/ClaimSight/ml/data/raw/car-damage-severity-dataset/data3a/training/01-minor/images (98).jpeg,0,0,1,0,0,0,0,0,0,0,0
/Users/dell/Documents/ClaimSight/ml/data/raw/car-damage-severity-dataset/data3a/training/01-minor/images (61).jpeg,0,0,1,0,0,0,0,0,0,0,0
/Users/dell/Documents/ClaimSight/ml/data/raw/car-damage-severity-dataset/data3a/training/01-minor/0143.JPEG,0,0,1,0,0,0,0,0,0,0,0
/Users/dell/Documents/ClaimSight/ml/data/raw/car-damage-assessment/image/250.jpeg,-1,1,0,0,0,0,0,0,0,0,1
/Users/dell/Documents/ClaimSight/ml/data/raw/car-damage-assessment/image/388.jpeg,-1,1,0,0,0,0,0,0,0,0,1
/Users/dell/Documents/ClaimSight/ml/data/raw/car-damage-assessment/image/565.jpeg,-1,1,0,0,0,0,0,0,0,0,1
/Users/dell/Documents/ClaimSight/ml/data/raw/car-damage-severity-dataset/data3a/training/02-moderate/0044.JPEG,1,0,1,0,0,0,0,0,0,0,0
/Users/dell/Documents/ClaimSight/ml/data/raw/car-damage-assessment/image/124.jpeg,-1,1,0,0,0,0,0,0,0,0,1
/Users/dell/Documents/ClaimSight/ml/data/raw/car-damage-severity-dataset/data3a/training/02-moderate/494249b9484e4704878d24027d565259_thb.jpg,1,0,1,0,0,0,0,0,0,0,0
/Users/dell/Documents/ClaimSight/ml/data/raw/car-damage-severity-dataset/data3a/training/03-severe/0308.jpeg,2,0,1,0,0,0,0,0,0,0,0
/Users/dell/Documents/ClaimSight/ml/data/raw/car-damage-severity-dataset/data3a/training/03-severe/0099.JPEG,2,0,1,0,0,0,0,0,0,0,0
/Users/dell/Documents/ClaimSight/ml/data/raw/car-damage-severity-dataset/data3a/training/02-moderate/0234.JPEG,1,0,1,0,0,0,0,0,0,0,0
/Users/dell/Documents/ClaimSight/ml/data/raw/car-damage-assessment/image/752.jpeg,-1,1,0,0,0,0,0,0,0,0,1
/Users/dell/Documents/ClaimSight/ml/data/raw/car-damage-severity-dataset/data3a/training/03-severe/0294.JPEG,2,0,1,0,0,0,0,0,0,0,0
/Users/dell/Documents/ClaimSight/ml/data/raw/car-damage-assessment/image/203.jpeg,-1,1,0,0,0,0,0,0,0,0,1
/Users/dell/Documents/ClaimSight/ml/data/raw/car-damage-assessment/image/742.jpeg,-1,1,0,0,0,0,0,0,0,0,1
/Users/dell/Documents/ClaimSight/ml/data/raw/car-damage-severity-dataset/data3a/training/03-severe/0273.JPEG,2,0,1,0,0,0,0,0,0,0,0
/Users/dell/Documents/ClaimSight/ml/data/raw/car-damage-assessment/image/483.jpeg,-1,1,0,0,0,0,0,0,0,0,1
/Users/dell/Documents/ClaimSight/ml/data/raw/car-damage-assessment/image/910.jpeg,-1,1,0,0,0,0,0,0,0,0,1
/Users/dell/Documents/ClaimSight/ml/data/raw/car-damage-assessment/image/908.jpeg,-1,1,0,0,0,0,0,0,0,0,1
/Users/dell/Documents/ClaimSight/ml/data/raw/car-damage-severity-dataset/data3a/training/03-severe/0202.JPEG,2,0,1,0,0,0,0,0,0,0,0
/Users/dell/Documents/ClaimSight/ml/data/raw/car-damage-severity-dataset/data3a/training/02-moderate/a38b006aacb1497e8df20e103e3028d3_thb.jpg,1,0,1,0,0,0,0,0,0,0,0
/Users/dell/Documents/ClaimSight/ml/data/raw/car-damage-severity-dataset/data3a/training/02-moderate/0131.JPEG,1,0,1,0,0,0,0,0,0,0,0
/Users/dell/Documents/ClaimSight/ml/data/raw/car-damage-assessment/image/67.jpeg,-1,1,0,0,0,0,1,0,0,0,0
/Users/dell/Documents/ClaimSight/ml/data/raw/car-damage-assessment/image/572.jpeg,-1,1,0,0,0,0,0,0,0,0,1
/Users/dell/Documents/ClaimSight/ml/data/raw/car-damage-severity-dataset/data3a/training/01-minor/images (22).jpeg,0,0,1,0,0,0,0,0,0,0,0
/Users/dell/Documents/ClaimSight/ml/data/raw/car-damage-severity-dataset/data3a/training/02-moderate/0101.JPEG,1,0,1,0,0,0,0,0,0,0,0
/Users/dell/Documents/ClaimSight/ml/data/raw/car-damage-assessment/image/835.jpeg,-1,1,0,0,0,0,1,0,0,0,0
/Users/dell/Documents/ClaimSight/ml/data/raw/car-damage-assessment/image/1260.jpeg,-1,1,0,0,0,0,0,0,0,0,1
/Users/dell/Documents/ClaimSight/ml/data/raw/car-damage-severity-dataset/data3a/training/03-severe/0129.JPEG,2,0,1,0,0,0,0,0,0,0,0
/Users/dell/Documents/ClaimSight/ml/data/raw/car-damage-severity-dataset/data3a/training/01-minor/0114.JPEG,0,0,1,0,0,0,0,0,0,0,0
/Users/dell/Documents/ClaimSight/ml/data/raw/car-damage-assessment/image/202.jpeg,-1,1,0,0,0,0,0,0,0,0,1
/Users/dell/Documents/ClaimSight/ml/data/raw/car-damage-assessment/image/1341.jpeg,-1,1,0,0,0,0,0,0,0,0,1
/Users/dell/Documents/ClaimSight/ml/data/raw/car-damage-assessment/image/849.jpeg,-1,1,0,0,0,0,0,0,0,0,1
/Users/dell/Documents/ClaimSight/ml/data/raw/car-damage-severity-dataset/data3a/training/02-moderate/0281.JPEG,1,0,1,0,0,0,0,0,0,0,0
/Users/dell/Documents/ClaimSight/ml/data/raw/car-damage-assessment/image/316.jpeg,-1,1,0,0,0,0,0,0,0,0,1
/Users/dell/Documents/ClaimSight/ml/data/raw/car-damage-assessment/image/1488.jpeg,-1,1,0,0,0,0,0,0,0,0,1
/Users/dell/Documents/ClaimSight/ml/data/raw/car-damage-assessment/image/207.jpeg,-1,1,0,0,0,0,0,0,0,0,1
/Users/dell/Documents/ClaimSight/ml/data/raw/car-damage-severity-dataset/data3a/validation/01-minor/images - 2022-12-13T213954.926.jpeg,0,0,1,0,0,0,0,0,0,0,0
/Users/dell/Documents/ClaimSight/ml/data/raw/car-damage-severity-dataset/data3a/validation/03-severe/0006.JPEG,2,0,1,0,0,0,0,0,0,0,0
/Users/dell/Documents/ClaimSight/ml/data/raw/car-damage-severity-dataset/data3a/training/02-moderate/images (58).jpeg,1,0,1,0,0,0,0,0,0,0,0
/Users/dell/Documents/ClaimSight/ml/data/raw/car-damage-severity-dataset/data3a/training/01-minor/images (52).jpeg,0,0,1,0,0,0,0,0,0,0,0
/Users/dell/Documents/ClaimSight/ml/data/raw/car-damage-assessment/image/1426.jpeg,-1,1,0,0,0,0,0,0,0,0,1
/Users/dell/Documents/ClaimSight/ml/data/raw/car-damage-assessment/image/223.jpeg,-1,1,0,0,0,0,0,0,0,0,1
/Users/dell/Documents/ClaimSight/ml/data/raw/car-damage-severity-dataset/data3a/training/03-severe/0285.JPEG,2,0,1,0,0,0,0,0,0,0,0
/Users/dell/Documents/ClaimSight/ml/data/raw/car-damage-assessment/image/1373.jpeg,-1,1,0,0,0,0,0,0,0,0,1
/Users/dell/Documents/ClaimSight/ml/data/raw/car-damage-assessment/image/759.jpeg,-1,1,0,0,0,0,0,0,0,0,1
/Users/dell/Documents/ClaimSight/ml/data/raw/car-damage-assessment/image/929.jpeg,-1,1,0,0,0,0,0,0,0,0,1
/Users/dell/Documents/ClaimSight/ml/data/raw/car-damage-severity-dataset/data3a/training/02-moderate/598d5b29cf964e9b96e6d6af1e2857db_thb.jpg,1,0,1,0,0,0,0,0,0,0,0
/Users/dell/Documents/ClaimSight/ml/data/raw/car-damage-assessment/image/277.jpeg,-1,1,0,0,0,0,0,0,0,0,1
/Users/dell/Documents/ClaimSight/ml/data/raw/car-damage-assessment/image/1100.jpeg,-1,1,0,0,0,0,0,0,0,0,1
/Users/dell/Documents/ClaimSight/ml/data/raw/car-damage-severity-dataset/data3a/training/02-moderate/0083.JPEG,1,0,1,0,0,0,0,0,0,0,0
/Users/dell/Documents/ClaimSight/ml/data/raw/car-damage-assessment/image/480.jpeg,-1,1,0,0,0,0,0,0,0,0,1
/Users/dell/Documents/ClaimSight/ml/data/raw/car-damage-assessment/image/199.jpeg,-1,1,0,0,0,0,0,0,0,0,1
/Users/dell/Documents/ClaimSight/ml/data/raw/car-damage-severity-dataset/data3a/validation/01-minor/0046.JPEG,0,0,1,0,0,0,0,0,0,0,0
/Users/dell/Documents/ClaimSight/ml/data/raw/car-damage-severity-dataset/data3a/training/03-severe/0359.JPEG,2,0,1,0,0,0,0,0,0,0,0
/Users/dell/Documents/ClaimSight/ml/data/raw/car-damage-severity-dataset/data3a/validation/01-minor/0030.JPEG,0,0,1,0,0,0,0,0,0,0,0
/Users/dell/Documents/ClaimSight/ml/data/raw/car-damage-assessment/image/76.jpeg,-1,1,0,0,0,0,0,0,0,0,1
/Users/dell/Documents/ClaimSight/ml/data/raw/car-damage-severity-dataset/data3a/training/02-moderate/0119.JPEG,1,0,1,0,0,0,0,0,0,0,0
/Users/dell/Documents/ClaimSight/ml/data/raw/car-damage-assessment/image/92.jpeg,-1,1,0,0,0,0,0,0,0,0,1
/Users/dell/Documents/ClaimSight/ml/data/raw/car-damage-severity-dataset/data3a/training/03-severe/0181.JPEG,2,0,1,0,0,0,0,0,0,0,0
/Users/dell/Documents/ClaimSight/ml/data/raw/car-damage-assessment/image/238.jpeg,-1,1,0,0,0,0,0,0,0,0,1
/Users/dell/Documents/ClaimSight/ml/data/raw/car-damage-severity-dataset/data3a/training/03-severe/0346.JPEG,2,0,1,0,0,0,0,0,0,0,0
/Users/dell/Documents/ClaimSight/ml/data/raw/car-damage-assessment/image/1329.jpeg,-1,1,0,0,0,0,0,0,0,0,1
/Users/dell/Documents/ClaimSight/ml/data/raw/car-damage-assessment/image/618.jpeg,-1,1,0,0,0,0,0,0,0,0,1
/Users/dell/Documents/ClaimSight/ml/data/raw/car-damage-assessment/image/1435.jpeg,-1,1,0,0,0,0,0,0,0,0,1
/Users/dell/Documents/ClaimSight/ml/data/raw/car-damage-severity-dataset/data3a/training/02-moderate/0196.JPEG,1,0,1,0,0,0,0,0,0,0,0
/Users/dell/Documents/ClaimSight/ml/data/raw/car-damage-assessment/image/950.jpeg,-1,1,0,0,0,0,0,0,0,0,1
/Users/dell/Documents/ClaimSight/ml/data/raw/car-damage-severity-dataset/data3a/training/02-moderate/0070.JPEG,1,0,1,0,0,0,0,0,0,0,0
/Users/dell/Documents/ClaimSight/ml/data/raw/car-damage-assessment/image/1301.jpeg,-1,1,0,0,0,0,0,0,0,0,1
/Users/dell/Documents/ClaimSight/ml/data/raw/car-damage-assessment/image/129.jpeg,-1,1,0,0,0,0,0,0,0,0,1
/Users/dell/Documents/ClaimSight/ml/data/raw/car-damage-assessment/image/1326.jpeg,-1,1,0,0,0,0,0,0,0,0,1
/Users/dell/Documents/ClaimSight/ml/data/raw/car-damage-assessment/image/453.jpeg,-1,1,0,0,0,0,0,0,0,0,1
/Users/dell/Documents/ClaimSight/ml/data/raw/car-damage-assessment/image/1249.jpeg,-1,1,0,0,0,0,0,0,0,0,1
/Users/dell/Documents/ClaimSight/ml/data/raw/car-damage-severity-dataset/data3a/training/01-minor/24ea719faf0f4117888c83c58fa94762_thb.jpg,0,0,1,0,0,0,0,0,0,0,0
/Users/dell/Documents/ClaimSight/ml/data/raw/car-damage-assessment/image/671.jpeg,-1,1,0,0,0,0,0,0,0,0,1
/Users/dell/Documents/ClaimSight/ml/data/raw/car-damage-assessment/image/1149.jpeg,-1,1,0,0,0,0,0,0,0,0,1
/Users/dell/Documents/ClaimSight/ml/data/raw/car-damage-severity-dataset/data3a/training/01-minor/ef2b325bcc164d6a8e834a57448b9343_thb.jpg,0,0,1,0,0,0,0,0,0,0,0
/Users/dell/Documents/ClaimSight/ml/data/raw/car-damage-severity-dataset/data3a/training/02-moderate/0179.JPEG,1,0,1,0,0,0,0,0,0,0,0
/Users/dell/Documents/ClaimSight/ml/data/raw/car-damage-assessment/image/1268.jpeg,-1,1,0,0,0,0,0,0,0,0,1
/Users/dell/Documents/ClaimSight/ml/data/raw/car-damage-severity-dataset/data3a/training/02-moderate/images (68).jpeg,1,0,1,0,0,0,0,0,0,0,0
/Users/dell/Documents/ClaimSight/ml/data/raw/car-damage-assessment/image/965.jpeg,-1,1,0,0,0,0,0,0,0,0,1
/Users/dell/Documents/ClaimSight/ml/data/raw/car-damage-assessment/image/478.jpeg,-1,1,0,0,0,0,0,0,0,0,1
/Users/dell/Documents/ClaimSight/ml/data/raw/car-damage-severity-dataset/data3a/training/03-severe/0010.JPEG,2,0,1,0,0,0,0,0,0,0,0
/Users/dell/Documents/ClaimSight/ml/data/raw/car-damage-severity-dataset/data3a/training/03-severe/images (75).jpeg,2,0,1,0,0,0,0,0,0,0,0
/Users/dell/Documents/ClaimSight/ml/data/raw/car-damage-assessment/image/760.jpeg,-1,1,0,0,0,0,0,0,0,0,1
/Users/dell/Documents/ClaimSight/ml/data/raw/car-damage-severity-dataset/data3a/validation/02-moderate/0032.JPEG,1,0,1,0,0,0,0,0,0,0,0
/Users/dell/Documents/ClaimSight/ml/data/raw/car-damage-assessment/image/1307.jpeg,-1,1,0,0,0,0,0,0,0,0,1
/Users/dell/Documents/ClaimSight/ml/data/raw/car-damage-severity-dataset/data3a/training/01-minor/0091.JPEG,0,0,1,0,0,0,0,0,0,0,0
/Users/dell/Documents/ClaimSight/ml/data/raw/car-damage-severity-dataset/data3a/training/02-moderate/0147.JPEG,1,0,1,0,0,0,0,0,0,0,0
/Users/dell/Documents/ClaimSight/ml/data/raw/car-damage-assessment/image/1197.jpeg,-1,1,0,0,0,0,0,0,0,0,1
/Users/dell/Documents/ClaimSight/ml/data/raw/car-damage-severity-dataset/data3a/training/03-severe/0381.JPEG,2,0,1,0,0,0,0,0,0,0,0
/Users/dell/Documents/ClaimSight/ml/data/raw/car-damage-severity-dataset/data3a/training/03-severe/0033.jpeg,2,0,1,0,0,0,0,0,0,0,0
/Users/dell/Documents/ClaimSight/ml/data/raw/car-damage-assessment/image/393.jpeg,-1,1,0,0,0,0,0,0,0,0,1
/Users/dell/Documents/ClaimSight/ml/data/raw/car-damage-severity-dataset/data3a/training/02-moderate/images (41).jpeg,1,0,1,0,0,0,0,0,0,0,0
/Users/dell/Documents/ClaimSight/ml/data/raw/car-damage-assessment/image/754.jpeg,-1,1,0,0,0,0,1,0,0,0,0
/Users/dell/Documents/ClaimSight/ml/data/raw/car-damage-severity-dataset/data3a/training/02-moderate/0088.JPEG,1,0,1,0,0,0,0,0,0,0,0
/Users/dell/Documents/ClaimSight/ml/data/raw/car-damage-assessment/image/253.jpeg,-1,1,0,0,0,0,1,0,0,0,0
/Users/dell/Documents/ClaimSight/ml/data/raw/car-damage-assessment/image/1098.jpeg,-1,1,0,0,0,0,0,0,0,0,1
/Users/dell/Documents/ClaimSight/ml/data/raw/car-damage-severity-dataset/data3a/training/02-moderate/0009.JPEG,1,0,1,0,0,0,0,0,0,0,0
/Users/dell/Documents/ClaimSight/ml/data/raw/car-damage-assessment/image/28.jpeg,-1,1,0,0,0,0,0,0,0,0,1
/Users/dell/Documents/ClaimSight/ml/data/raw/car-damage-assessment/image/808.jpeg,-1,1,0,0,0,0,0,0,0,0,1
/Users/dell/Documents/ClaimSight/ml/data/raw/car-damage-severity-dataset/data3a/training/01-minor/0026.JPEG,0,0,1,0,0,0,0,0,0,0,0
/Users/dell/Documents/ClaimSight/ml/data/raw/car-damage-assessment/image/184.jpeg,-1,1,0,0,0,0,0,0,0,0,1
/Users/dell/Documents/ClaimSight/ml/data/raw/car-damage-assessment/image/749.jpeg,-1,1,0,0,0,0,0,0,0,0,1
/Users/dell/Documents/ClaimSight/ml/data/raw/car-damage-severity-dataset/data3a/training/03-severe/0218.JPEG,2,0,1,0,0,0,0,0,0,0,0
/Users/dell/Documents/ClaimSight/ml/data/raw/car-damage-severity-dataset/data3a/training/02-moderate/0001.JPEG,1,0,1,0,0,0,0,0,0,0,0
/Users/dell/Documents/ClaimSight/ml/data/raw/car-damage-severity-dataset/data3a/training/03-severe/b20c00472d7d4254bd9ed326eec94587_thb.jpg,2,0,1,0,0,0,0,0,0,0,0
/Users/dell/Documents/ClaimSight/ml/data/raw/car-damage-severity-dataset/data3a/training/02-moderate/images (56).jpeg,1,0,1,0,0,0,0,0,0,0,0
/Users/dell/Documents/ClaimSight/ml/data/raw/car-damage-assessment/image/813.jpeg,-1,1,0,0,0,0,0,0,0,0,1
/Users/dell/Documents/ClaimSight/ml/data/raw/car-damage-severity-dataset/data3a/training/01-minor/images (78).jpeg,0,0,1,0,0,0,0,0,0,0,0
/Users/dell/Documents/ClaimSight/ml/data/raw/car-damage-assessment/image/1381.jpeg,-1,1,0,0,0,0,0,0,0,0,1
/Users/dell/Documents/ClaimSight/ml/data/raw/car-damage-severity-dataset/data3a/training/02-moderate/images (63).jpeg,1,0,1,0,0,0,0,0,0,0,0
/Users/dell/Documents/ClaimSight/ml/data/raw/car-damage-assessment/image/1385.jpeg,-1,1,0,0,0,0,0,0,0,0,1
/Users/dell/Documents/ClaimSight/ml/data/raw/car-damage-severity-dataset/data3a/training/01-minor/0168.JPEG,0,0,1,0,0,0,0,0,0,0,0
/Users/dell/Documents/ClaimSight/ml/data/raw/car-damage-assessment/image/462.jpeg,-1,1,0,0,0,0,0,0,0,0,1
/Users/dell/Documents/ClaimSight/ml/data/raw/car-damage-severity-dataset/data3a/validation/02-moderate/0025.JPEG,1,0,1,0,0,0,0,0,0,0,0
/Users/dell/Documents/ClaimSight/ml/data/raw/car-damage-assessment/image/589.jpeg,-1,1,0,0,0,0,0,0,0,0,1
/Users/dell/Documents/ClaimSight/ml/data/raw/car-damage-assessment/image/288.jpeg,-1,1,0,0,0,0,0,0,0,0,1
/Users/dell/Documents/ClaimSight/ml/data/raw/car-damage-assessment/image/154.jpeg,-1,1,0,0,0,0,0,0,0,0,1
/Users/dell/Documents/ClaimSight/ml/data/raw/car-damage-severity-dataset/data3a/training/01-minor/images (44).jpeg,0,0,1,0,0,0,0,0,0,0,0
/Users/dell/Documents/ClaimSight/ml/data/raw/car-damage-assessment/image/959.jpeg,-1,1,0,0,0,0,0,0,0,0,1
/Users/dell/Documents/ClaimSight/ml/data/raw/car-damage-assessment/image/235.jpeg,-1,1,0,0,0,0,0,0,0,0,1
/Users/dell/Documents/ClaimSight/ml/data/raw/car-damage-severity-dataset/data3a/training/01-minor/0054.jpeg,0,0,1,0,0,0,0,0,0,0,0
/Users/dell/Documents/ClaimSight/ml/data/raw/car-damage-assessment/image/1387.jpeg,-1,1,0,0,0,0,0,0,0,0,1
/Users/dell/Documents/ClaimSight/ml/data/raw/car-damage-severity-dataset/data3a/training/03-severe/0374.JPEG,2,0,1,0,0,0,0,0,0,0,0
/Users/dell/Documents/ClaimSight/ml/data/raw/car-damage-severity-dataset/data3a/training/01-minor/images (45).jpeg,0,0,1,0,0,0,0,0,0,0,0
/Users/dell/Documents/ClaimSight/ml/data/raw/car-damage-assessment/image/1052.jpeg,-1,1,0,0,0,0,0,0,0,0,1
/Users/dell/Documents/ClaimSight/ml/data/raw/car-damage-assessment/image/673.jpeg,-1,1,0,0,0,0,0,0,0,0,1
/Users/dell/Documents/ClaimSight/ml/data/raw/car-damage-assessment/image/1116.jpeg,-1,1,0,0,0,0,1,0,0,0,0
/Users/dell/Documents/ClaimSight/ml/data/raw/car-damage-assessment/image/1498.jpeg,-1,1,0,0,0,0,0,0,0,0,1
/Users/dell/Documents/ClaimSight/ml/data/raw/car-damage-severity-dataset/data3a/training/03-severe/images - 2022-12-13T215956.524.jpeg,2,0,1,0,0,0,0,0,0,0,0
/Users/dell/Documents/ClaimSight/ml/data/raw/car-damage-assessment/image/822.jpeg,-1,1,0,0,0,0,0,0,0,0,1
/Users/dell/Documents/ClaimSight/ml/data/raw/car-damage-assessment/image/719.jpeg,-1,1,0,0,0,0,0,0,0,0,1
/Users/dell/Documents/ClaimSight/ml/data/raw/car-damage-severity-dataset/data3a/validation/02-moderate/0033.JPEG,1,0,1,0,0,0,0,0,0,0,0
/Users/dell/Documents/ClaimSight/ml/data/raw/car-damage-severity-dataset/data3a/training/03-severe/0011.JPEG,2,0,1,0,0,0,0,0,0,0,0
/Users/dell/Documents/ClaimSight/ml/data/raw/car-damage-assessment/image/1208.jpeg,-1,1,0,0,0,0,0,0,0,0,1
/Users/dell/Documents/ClaimSight/ml/data/raw/car-damage-assessment/image/369.jpeg,-1,1,0,0,0,0,0,0,0,0,1
/Users/dell/Documents/ClaimSight/ml/data/raw/car-damage-assessment/image/538.jpeg,-1,1,0,0,0,0,0,0,0,0,1
/Users/dell/Documents/ClaimSight/ml/data/raw/car-damage-severity-dataset/data3a/validation/03-severe/0010.jpeg,2,0,1,0,0,0,0,0,0,0,0
/Users/dell/Documents/ClaimSight/ml/data/raw/car-damage-assessment/image/136.jpeg,-1,1,0,0,0,0,0,0,0,0,1
/Users/dell/Documents/ClaimSight/ml/data/raw/car-damage-severity-dataset/data3a/training/01-minor/0212.JPEG,0,0,1,0,0,0,0,0,0,0,0
/Users/dell/Documents/ClaimSight/ml/data/raw/car-damage-assessment/image/1265.jpeg,-1,1,0,0,0,0,0,0,0,0,1
/Users/dell/Documents/ClaimSight/ml/data/raw/car-damage-assessment/image/161.jpeg,-1,1,0,0,0,0,0,0,0,0,1
/Users/dell/Documents/ClaimSight/ml/data/raw/car-damage-severity-dataset/data3a/validation/02-moderate/0004.JPEG,1,0,1,0,0,0,0,0,0,0,0
/Users/dell/Documents/ClaimSight/ml/data/raw/car-damage-assessment/image/560.jpeg,-1,1,0,0,0,0,1,0,0,0,0
/Users/dell/Documents/ClaimSight/ml/data/raw/car-damage-assessment/image/1026.jpeg,-1,1,0,0,0,0,1,0,0,0,0
/Users/dell/Documents/ClaimSight/ml/data/raw/car-damage-severity-dataset/data3a/training/03-severe/images (91).jpeg,2,0,1,0,0,0,0,0,0,0,0
/Users/dell/Documents/ClaimSight/ml/data/raw/car-damage-assessment/image/897.jpeg,-1,1,0,0,0,0,0,0,0,0,1
/Users/dell/Documents/ClaimSight/ml/data/raw/car-damage-assessment/image/1443.jpeg,-1,1,0,0,0,0,0,0,0,0,1
/Users/dell/Documents/ClaimSight/ml/data/raw/car-damage-severity-dataset/data3a/validation/01-minor/0005.JPEG,0,0,1,0,0,0,0,0,0,0,0
/Users/dell/Documents/ClaimSight/ml/data/raw/car-damage-assessment/image/1172.jpeg,-1,1,0,0,0,0,1,0,0,0,0
/Users/dell/Documents/ClaimSight/ml/data/raw/car-damage-severity-dataset/data3a/training/01-minor/images - 2022-12-12T151416.541.jpeg,0,0,1,0,0,0,0,0,0,0,0
/Users/dell/Documents/ClaimSight/ml/data/raw/car-damage-assessment/image/200.jpeg,-1,1,0,0,0,0,0,0,0,0,1
/Users/dell/Documents/ClaimSight/ml/data/raw/car-damage-assessment/image/33.jpeg,-1,1,0,0,0,0,0,0,0,0,1
/Users/dell/Documents/ClaimSight/ml/data/raw/car-damage-severity-dataset/data3a/training/03-severe/0081.JPEG,2,0,1,0,0,0,0,0,0,0,0
/Users/dell/Documents/ClaimSight/ml/data/raw/car-damage-severity-dataset/data3a/training/03-severe/0341.JPEG,2,0,1,0,0,0,0,0,0,0,0
/Users/dell/Documents/ClaimSight/ml/data/raw/car-damage-assessment/image/89.jpeg,-1,1,0,0,0,0,0,0,0,0,1
/Users/dell/Documents/ClaimSight/ml/data/raw/car-damage-assessment/image/1209.jpeg,-1,1,0,0,0,0,0,0,0,0,1
/Users/dell/Documents/ClaimSight/ml/data/raw/car-damage-severity-dataset/data3a/training/03-severe/0312.JPEG,2,0,1,0,0,0,0,0,0,0,0
/Users/dell/Documents/ClaimSight/ml/data/raw/car-damage-severity-dataset/data3a/validation/03-severe/0041.JPEG,2,0,1,0,0,0,0,0,0,0,0
/Users/dell/Documents/ClaimSight/ml/data/raw/car-damage-assessment/image/818.jpeg,-1,1,0,0,0,0,0,0,0,0,1
/Users/dell/Documents/ClaimSight/ml/data/raw/car-damage-assessment/image/971.jpeg,-1,1,0,0,0,0,0,0,0,0,1
/Users/dell/Documents/ClaimSight/ml/data/raw/car-damage-severity-dataset/data3a/training/03-severe/0114.JPEG,2,0,1,0,0,0,0,0,0,0,0
/Users/dell/Documents/ClaimSight/ml/data/raw/car-damage-severity-dataset/data3a/training/01-minor/images (50).jpeg,0,0,1,0,0,0,0,0,0,0,0
/Users/dell/Documents/ClaimSight/ml/data/raw/car-damage-assessment/image/1134.jpeg,-1,1,0,0,0,0,0,0,0,0,1
/Users/dell/Documents/ClaimSight/ml/data/raw/car-damage-severity-dataset/data3a/training/03-severe/0133.JPEG,2,0,1,0,0,0,0,0,0,0,0
/Users/dell/Documents/ClaimSight/ml/data/raw/car-damage-assessment/image/1237.jpeg,-1,1,0,0,0,0,0,0,0,0,1
/Users/dell/Documents/ClaimSight/ml/data/raw/car-damage-severity-dataset/data3a/training/02-moderate/0107.JPEG,1,0,1,0,0,0,0,0,0,0,0
/Users/dell/Documents/ClaimSight/ml/data/raw/car-damage-assessment/image/1024.jpeg,-1,1,0,0,0,0,0,0,0,0,1
/Users/dell/Documents/ClaimSight/ml/data/raw/car-damage-severity-dataset/data3a/training/01-minor/0144.JPEG,0,0,1,0,0,0,0,0,0,0,0
/Users/dell/Documents/ClaimSight/ml/data/raw/car-damage-assessment/image/1225.jpeg,-1,1,0,0,0,0,0,0,0,0,1
/Users/dell/Documents/ClaimSight/ml/data/raw/car-damage-severity-dataset/data3a/training/03-severe/0199.JPEG,2,0,1,0,0,0,0,0,0,0,0
/Users/dell/Documents/ClaimSight/ml/data/raw/car-damage-severity-dataset/data3a/training/03-severe/0149.jpeg,2,0,1,0,0,0,0,0,0,0,0
/Users/dell/Documents/ClaimSight/ml/data/raw/car-damage-assessment/image/302.jpeg,-1,1,0,0,0,0,0,0,0,0,1
/Users/dell/Documents/ClaimSight/ml/data/raw/car-damage-severity-dataset/data3a/validation/01-minor/images - 2022-12-12T151412.407.jpeg,0,0,1,0,0,0,0,0,0,0,0
/Users/dell/Documents/ClaimSight/ml/data/raw/car-damage-assessment/image/1178.jpeg,-1,1,0,0,0,0,0,0,0,0,1
/Users/dell/Documents/ClaimSight/ml/data/raw/car-damage-severity-dataset/data3a/training/01-minor/download (22).jpeg,0,0,1,0,0,0,0,0,0,0,0
/Users/dell/Documents/ClaimSight/ml/data/raw/car-damage-severity-dataset/data3a/training/03-severe/0333.JPEG,2,0,1,0,0,0,0,0,0,0,0
/Users/dell/Documents/ClaimSight/ml/data/raw/car-damage-assessment/image/1045.jpeg,-1,1,0,0,0,0,1,0,0,0,0
/Users/dell/Documents/ClaimSight/ml/data/raw/car-damage-severity-dataset/data3a/training/01-minor/9b1b6c577d0947ada4a1b792a583f1aa_thb.jpg,0,0,1,0,0,0,0,0,0,0,0
/Users/dell/Documents/ClaimSight/ml/data/raw/car-damage-assessment/image/1040.jpeg,-1,1,0,0,0,0,0,0,0,0,1
/Users/dell/Documents/ClaimSight/ml/data/raw/car-damage-severity-dataset/data3a/training/01-minor/b3a8a0c19cfe4546afef689e11de2116_thb.jpg,0,0,1,0,0,0,0,0,0,0,0
/Users/dell/Documents/ClaimSight/ml/data/raw/car-damage-assessment/image/951.jpeg,-1,1,0,0,0,0,0,0,0,0,1
/Users/dell/Documents/ClaimSight/ml/data/raw/car-damage-assessment/image/586.jpeg,-1,1,0,0,0,0,0,0,0,0,1
/Users/dell/Documents/ClaimSight/ml/data/raw/car-damage-severity-dataset/data3a/training/01-minor/images - 2022-12-12T151418.125.jpeg,0,0,1,0,0,0,0,0,0,0,0
/Users/dell/Documents/ClaimSight/ml/data/raw/car-damage-severity-dataset/data3a/validation/01-minor/0045.JPEG,0,0,1,0,0,0,0,0,0,0,0
/Users/dell/Documents/ClaimSight/ml/data/raw/car-damage-severity-dataset/data3a/training/03-severe/0233.JPEG,2,0,1,0,0,0,0,0,0,0,0
/Users/dell/Documents/ClaimSight/ml/data/raw/car-damage-assessment/image/323.jpeg,-1,1,0,0,0,0,0,0,0,0,1
/Users/dell/Documents/ClaimSight/ml/data/raw/car-damage-severity-dataset/data3a/training/03-severe/0263.JPEG,2,0,1,0,0,0,0,0,0,0,0
/Users/dell/Documents/ClaimSight/ml/data/raw/car-damage-assessment/image/696.jpeg,-1,1,0,0,0,0,0,0,0,0,1
/Users/dell/Documents/ClaimSight/ml/data/raw/car-damage-assessment/image/737.jpeg,-1,1,0,0,0,0,0,0,0,0,1
/Users/dell/Documents/ClaimSight/ml/data/raw/car-damage-severity-dataset/data3a/training/01-minor/0094.JPEG,0,0,1,0,0,0,0,0,0,0,0
/Users/dell/Documents/ClaimSight/ml/data/raw/car-damage-severity-dataset/data3a/training/03-severe/0320.JPEG,2,0,1,0,0,0,0,0,0,0,0
/Users/dell/Documents/ClaimSight/ml/data/raw/car-damage-assessment/image/596.jpeg,-1,1,0,0,0,0,1,0,0,0,0
/Users/dell/Documents/ClaimSight/ml/data/raw/car-damage-severity-dataset/data3a/training/01-minor/0171.JPEG,0,0,1,0,0,0,0,0,0,0,0
/Users/dell/Documents/ClaimSight/ml/data/raw/car-damage-assessment/image/414.jpeg,-1,1,0,0,0,0,0,0,0,0,1
/Users/dell/Documents/ClaimSight/ml/data/raw/car-damage-assessment/image/1468.jpeg,-1,1,0,0,0,0,0,0,0,0,1
/Users/dell/Documents/ClaimSight/ml/data/raw/car-damage-assessment/image/1201.jpeg,-1,1,0,0,0,0,0,0,0,0,1
/Users/dell/Documents/ClaimSight/ml/data/raw/car-damage-severity-dataset/data3a/validation/02-moderate/4d9f21ac40954a348560ce60af2b69f9_thb.jpg,1,0,1,0,0,0,0,0,0,0,0
/Users/dell/Documents/ClaimSight/ml/data/raw/car-damage-severity-dataset/data3a/validation/02-moderate/8a70da31f2cd423cbc07988b0be52115_thb.jpg,1,0,1,0,0,0,0,0,0,0,0
/Users/dell/Documents/ClaimSight/ml/data/raw/car-damage-assessment/image/188.jpeg,-1,1,0,0,0,0,0,0,0,0,1
/Users/dell/Documents/ClaimSight/ml/data/raw/car-damage-severity-dataset/data3a/training/02-moderate/0170.JPEG,1,0,1,0,0,0,0,0,0,0,0
/Users/dell/Documents/ClaimSight/ml/data/raw/car-damage-severity-dataset/data3a/training/03-severe/0307.JPEG,2,0,1,0,0,0,0,0,0,0,0
/Users/dell/Documents/ClaimSight/ml/data/raw/car-damage-severity-dataset/data3a/training/03-severe/images (15).jpeg,2,0,1,0,0,0,0,0,0,0,0
/Users/dell/Documents/ClaimSight/ml/data/raw/car-damage-severity-dataset/data3a/training/01-minor/0224.JPEG,0,0,1,0,0,0,0,0,0,0,0
/Users/dell/Documents/ClaimSight/ml/data/raw/car-damage-severity-dataset/data3a/training/02-moderate/0110.JPEG,1,0,1,0,0,0,0,0,0,0,0
/Users/dell/Documents/ClaimSight/ml/data/raw/car-damage-severity-dataset/data3a/training/03-severe/images (51).jpeg,2,0,1,0,0,0,0,0,0,0,0
/Users/dell/Documents/ClaimSight/ml/data/raw/car-damage-severity-dataset/data3a/training/01-minor/0184.JPEG,0,0,1,0,0,0,0,0,0,0,0
/Users/dell/Documents/ClaimSight/ml/data/raw/car-damage-assessment/image/370.jpeg,-1,1,0,0,0,0,0,0,0,0,1
/Users/dell/Documents/ClaimSight/ml/data/raw/car-damage-severity-dataset/data3a/training/03-severe/0358.JPEG,2,0,1,0,0,0,0,0,0,0,0
/Users/dell/Documents/ClaimSight/ml/data/raw/car-damage-assessment/image/1177.jpeg,-1,1,0,0,0,0,0,0,0,0,1
/Users/dell/Documents/ClaimSight/ml/data/raw/car-damage-assessment/image/961.jpeg,-1,1,0,0,0,0,0,0,0,0,1
/Users/dell/Documents/ClaimSight/ml/data/raw/car-damage-severity-dataset/data3a/training/03-severe/0367.JPEG,2,0,1,0,0,0,0,0,0,0,0
/Users/dell/Documents/ClaimSight/ml/data/raw/car-damage-severity-dataset/data3a/training/03-severe/0266.JPEG,2,0,1,0,0,0,0,0,0,0,0
/Users/dell/Documents/ClaimSight/ml/data/raw/car-damage-severity-dataset/data3a/training/01-minor/images (70).jpeg,0,0,1,0,0,0,0,0,0,0,0
/Users/dell/Documents/ClaimSight/ml/data/raw/car-damage-assessment/image/1297.jpeg,-1,1,0,0,0,0,0,0,0,0,1
/Users/dell/Documents/ClaimSight/ml/data/raw/car-damage-severity-dataset/data3a/validation/03-severe/0014.JPEG,2,0,1,0,0,0,0,0,0,0,0
/Users/dell/Documents/ClaimSight/ml/data/raw/car-damage-assessment/image/1345.jpeg,-1,1,0,0,0,0,1,0,0,0,0
/Users/dell/Documents/ClaimSight/ml/data/raw/car-damage-severity-dataset/data3a/training/03-severe/0369.JPEG,2,0,1,0,0,0,0,0,0,0,0
/Users/dell/Documents/ClaimSight/ml/data/raw/car-damage-severity-dataset/data3a/training/01-minor/0035.jpeg,0,0,1,0,0,0,0,0,0,0,0
/Users/dell/Documents/ClaimSight/ml/data/raw/car-damage-assessment/image/1386.jpeg,-1,1,0,0,0,0,0,0,0,0,1
/Users/dell/Documents/ClaimSight/ml/data/raw/car-damage-severity-dataset/data3a/validation/01-minor/0031.JPEG,0,0,1,0,0,0,0,0,0,0,0
/Users/dell/Documents/ClaimSight/ml/data/raw/car-damage-severity-dataset/data3a/training/01-minor/download (4).jpeg,0,0,1,0,0,0,0,0,0,0,0
/Users/dell/Documents/ClaimSight/ml/data/raw/car-damage-assessment/image/306.jpeg,-1,1,0,0,0,0,0,0,0,0,1
/Users/dell/Documents/ClaimSight/ml/data/raw/car-damage-assessment/image/632.jpeg,-1,1,0,0,0,0,0,0,0,0,1
/Users/dell/Documents/ClaimSight/ml/data/raw/car-damage-severity-dataset/data3a/training/01-minor/0086.JPEG,0,0,1,0,0,0,0,0,0,0,0
/Users/dell/Documents/ClaimSight/ml/data/raw/car-damage-assessment/image/590.jpeg,-1,1,0,0,0,0,0,0,0,0,1
/Users/dell/Documents/ClaimSight/ml/data/raw/car-damage-assessment/image/62.jpeg,-1,1,0,0,0,0,0,0,0,0,1
/Users/dell/Documents/ClaimSight/ml/data/raw/car-damage-severity-dataset/data3a/training/01-minor/0278.jpeg,0,0,1,0,0,0,0,0,0,0,0
/Users/dell/Documents/ClaimSight/ml/data/raw/car-damage-assessment/image/408.jpeg,-1,1,0,0,0,0,0,0,0,0,1
/Users/dell/Documents/ClaimSight/ml/data/raw/car-damage-severity-dataset/data3a/training/01-minor/0210.JPEG,0,0,1,0,0,0,0,0,0,0,0
/Users/dell/Documents/ClaimSight/ml/data/raw/car-damage-severity-dataset/data3a/training/02-moderate/5e958bd0-f875-4855-af2c-31c5b0ac2ab5.jpeg,1,0,1,0,0,0,0,0,0,0,0
/Users/dell/Documents/ClaimSight/ml/data/raw/car-damage-assessment/image/1359.jpeg,-1,1,0,0,0,0,0,0,0,0,1
/Users/dell/Documents/ClaimSight/ml/data/raw/car-damage-severity-dataset/data3a/training/02-moderate/0012.JPEG,1,0,1,0,0,0,0,0,0,0,0
/Users/dell/Documents/ClaimSight/ml/data/raw/car-damage-severity-dataset/data3a/training/02-moderate/0314.JPEG,1,0,1,0,0,0,0,0,0,0,0
/Users/dell/Documents/ClaimSight/ml/data/raw/car-damage-assessment/image/151.jpeg,-1,1,0,0,0,0,0,0,0,0,1
/Users/dell/Documents/ClaimSight/ml/data/raw/car-damage-severity-dataset/data3a/training/01-minor/images - 2022-12-12T151413.666.jpeg,0,0,1,0,0,0,0,0,0,0,0
/Users/dell/Documents/ClaimSight/ml/data/raw/car-damage-assessment/image/623.jpeg,-1,1,0,0,0,0,0,0,0,0,1
/Users/dell/Documents/ClaimSight/ml/data/raw/car-damage-assessment/image/1277.jpeg,-1,1,0,0,0,0,0,0,0,0,1
/Users/dell/Documents/ClaimSight/ml/data/raw/car-damage-assessment/image/816.jpeg,-1,1,0,0,0,0,0,0,0,0,1
/Users/dell/Documents/ClaimSight/ml/data/raw/car-damage-severity-dataset/data3a/training/03-severe/images (96).jpeg,2,0,1,0,0,0,0,0,0,0,0
/Users/dell/Documents/ClaimSight/ml/data/raw/car-damage-assessment/image/1303.jpeg,-1,1,0,0,0,0,1,0,0,0,0
/Users/dell/Documents/ClaimSight/ml/data/raw/car-damage-assessment/image/178.jpeg,-1,1,0,0,0,0,1,0,0,0,0
/Users/dell/Documents/ClaimSight/ml/data/raw/car-damage-severity-dataset/data3a/training/01-minor/0089.JPEG,0,0,1,0,0,0,0,0,0,0,0
/Users/dell/Documents/ClaimSight/ml/data/raw/car-damage-severity-dataset/data3a/validation/02-moderate/0036.JPEG,1,0,1,0,0,0,0,0,0,0,0
/Users/dell/Documents/ClaimSight/ml/data/raw/car-damage-severity-dataset/data3a/training/03-severe/0068.JPEG,2,0,1,0,0,0,0,0,0,0,0
/Users/dell/Documents/ClaimSight/ml/data/raw/car-damage-assessment/image/978.jpeg,-1,1,0,0,0,0,0,0,0,0,1
/Users/dell/Documents/ClaimSight/ml/data/raw/car-damage-assessment/image/772.jpeg,-1,1,0,0,0,0,0,0,0,0,1
/Users/dell/Documents/ClaimSight/ml/data/raw/car-damage-assessment/image/1318.jpeg,-1,1,0,0,0,0,0,0,0,0,1
/Users/dell/Documents/ClaimSight/ml/data/raw/car-damage-severity-dataset/data3a/validation/02-moderate/0043.JPEG,1,0,1,0,0,0,0,0,0,0,0
/Users/dell/Documents/ClaimSight/ml/data/raw/car-damage-assessment/image/607.jpeg,-1,1,0,0,0,0,0,0,0,0,1
/Users/dell/Documents/ClaimSight/ml/data/raw/car-damage-assessment/image/1361.jpeg,-1,1,0,0,0,0,0,0,0,0,1
/Users/dell/Documents/ClaimSight/ml/data/raw/car-damage-assessment/image/1413.jpeg,-1,1,0,0,0,0,0,0,0,0,1
/Users/dell/Documents/ClaimSight/ml/data/raw/car-damage-severity-dataset/data3a/training/03-severe/0205.JPEG,2,0,1,0,0,0,0,0,0,0,0
/Users/dell/Documents/ClaimSight/ml/data/raw/car-damage-severity-dataset/data3a/training/01-minor/0236.JPEG,0,0,1,0,0,0,0,0,0,0,0
/Users/dell/Documents/ClaimSight/ml/data/raw/car-damage-assessment/image/608.jpeg,-1,1,0,0,0,0,0,0,0,0,1
/Users/dell/Documents/ClaimSight/ml/data/raw/car-damage-severity-dataset/data3a/training/01-minor/images (77).jpeg,0,0,1,0,0,0,0,0,0,0,0
/Users/dell/Documents/ClaimSight/ml/data/raw/car-damage-severity-dataset/data3a/validation/01-minor/images (65).jpeg,0,0,1,0,0,0,0,0,0,0,0
/Users/dell/Documents/ClaimSight/ml/data/raw/car-damage-severity-dataset/data3a/training/02-moderate/0257.JPEG,1,0,1,0,0,0,0,0,0,0,0
/Users/dell/Documents/ClaimSight/ml/data/raw/car-damage-severity-dataset/data3a/validation/02-moderate/images (63).jpeg,1,0,1,0,0,0,0,0,0,0,0
/Users/dell/Documents/ClaimSight/ml/data/raw/car-damage-assessment/image/1094.jpeg,-1,1,0,0,0,0,0,0,0,0,1
/Users/dell/Documents/ClaimSight/ml/data/raw/car-damage-severity-dataset/data3a/validation/01-minor/images (6).jpeg,0,0,1,0,0,0,0,0,0,0,0
/Users/dell/Documents/ClaimSight/ml/data/raw/car-damage-assessment/image/1392.jpeg,-1,1,0,0,0,0,0,0,0,0,1
/Users/dell/Documents/ClaimSight/ml/data/raw/car-damage-severity-dataset/data3a/training/03-severe/0064.JPEG,2,0,1,0,0,0,0,0,0,0,0
/Users/dell/Documents/ClaimSight/ml/data/raw/car-damage-severity-dataset/data3a/training/02-moderate/images (3).jpeg,1,0,1,0,0,0,0,0,0,0,0
/Users/dell/Documents/ClaimSight/ml/data/raw/car-damage-assessment/image/285.jpeg,-1,1,0,0,0,0,0,0,0,0,1
/Users/dell/Documents/ClaimSight/ml/data/raw/car-damage-assessment/image/559.jpeg,-1,1,0,0,0,0,0,0,0,0,1
/Users/dell/Documents/ClaimSight/ml/data/raw/car-damage-severity-dataset/data3a/training/02-moderate/0036.JPEG,1,0,1,0,0,0,0,0,0,0,0
/Users/dell/Documents/ClaimSight/ml/data/raw/car-damage-assessment/image/780.jpeg,-1,1,0,0,0,0,0,0,0,0,1
/Users/dell/Documents/ClaimSight/ml/data/raw/car-damage-assessment/image/969.jpeg,-1,1,0,0,0,0,0,0,0,0,1
/Users/dell/Documents/ClaimSight/ml/data/raw/car-damage-assessment/image/592.jpeg,-1,1,0,0,0,0,0,0,0,0,1
/Users/dell/Documents/ClaimSight/ml/data/raw/car-damage-severity-dataset/data3a/training/01-minor/0277.JPEG,0,0,1,0,0,0,0,0,0,0,0
/Users/dell/Documents/ClaimSight/ml/data/raw/car-damage-severity-dataset/data3a/training/03-severe/0366.JPEG,2,0,1,0,0,0,0,0,0,0,0
/Users/dell/Documents/ClaimSight/ml/data/raw/car-damage-severity-dataset/data3a/training/01-minor/images (1).jpeg,0,0,1,0,0,0,0,0,0,0,0
/Users/dell/Documents/ClaimSight/ml/data/raw/car-damage-severity-dataset/data3a/training/01-minor/images (48).jpeg,0,0,1,0,0,0,0,0,0,0,0
/Users/dell/Documents/ClaimSight/ml/data/raw/car-damage-severity-dataset/data3a/training/01-minor/0108.JPEG,0,0,1,0,0,0,0,0,0,0,0
/Users/dell/Documents/ClaimSight/ml/data/raw/car-damage-assessment/image/1119.jpeg,-1,1,0,0,0,0,0,0,0,0,1
/Users/dell/Documents/ClaimSight/ml/data/raw/car-damage-severity-dataset/data3a/training/02-moderate/0039.JPEG,1,0,1,0,0,0,0,0,0,0,0
/Users/dell/Documents/ClaimSight/ml/data/raw/car-damage-assessment/image/1195.jpeg,-1,1,0,0,0,0,0,0,0,0,1
/Users/dell/Documents/ClaimSight/ml/data/raw/car-damage-severity-dataset/data3a/training/03-severe/0315.JPEG,2,0,1,0,0,0,0,0,0,0,0
/Users/dell/Documents/ClaimSight/ml/data/raw/car-damage-assessment/image/630.jpeg,-1,1,0,0,0,0,0,0,0,0,1
/Users/dell/Documents/ClaimSight/ml/data/raw/car-damage-assessment/image/481.jpeg,-1,1,0,0,0,0,0,0,0,0,1
/Users/dell/Documents/ClaimSight/ml/data/raw/car-damage-severity-dataset/data3a/training/01-minor/d7b5bbc55c644166809a7230b098c301_thb.jpg,0,0,1,0,0,0,0,0,0,0,0
/Users/dell/Documents/ClaimSight/ml/data/raw/car-damage-assessment/image/464.jpeg,-1,1,0,0,0,0,0,0,0,0,1
/Users/dell/Documents/ClaimSight/ml/data/raw/car-damage-severity-dataset/data3a/training/03-severe/images (58).jpeg,2,0,1,0,0,0,0,0,0,0,0
/Users/dell/Documents/ClaimSight/ml/data/raw/car-damage-severity-dataset/data3a/training/02-moderate/images (106).jpeg,1,0,1,0,0,0,0,0,0,0,0
/Users/dell/Documents/ClaimSight/ml/data/raw/car-damage-severity-dataset/data3a/training/01-minor/0078.JPEG,0,0,1,0,0,0,0,0,0,0,0
/Users/dell/Documents/ClaimSight/ml/data/raw/car-damage-assessment/image/56.jpeg,-1,1,0,0,0,0,0,0,0,0,1
/Users/dell/Documents/ClaimSight/ml/data/raw/car-damage-assessment/image/1272.jpeg,-1,1,0,0,0,0,0,0,0,0,1
/Users/dell/Documents/ClaimSight/ml/data/raw/car-damage-assessment/image/648.jpeg,-1,1,0,0,0,0,0,0,0,0,1
/Users/dell/Documents/ClaimSight/ml/data/raw/car-damage-severity-dataset/data3a/validation/01-minor/0047.JPEG,0,0,1,0,0,0,0,0,0,0,0
/Users/dell/Documents/ClaimSight/ml/data/raw/car-damage-severity-dataset/data3a/training/03-severe/0035.JPEG,2,0,1,0,0,0,0,0,0,0,0
/Users/dell/Documents/ClaimSight/ml/data/raw/car-damage-severity-dataset/data3a/training/03-severe/0105.JPEG,2,0,1,0,0,0,0,0,0,0,0
/Users/dell/Documents/ClaimSight/ml/data/raw/car-damage-severity-dataset/data3a/training/01-minor/images (56).jpeg,0,0,1,0,0,0,0,0,0,0,0
/Users/dell/Documents/ClaimSight/ml/data/raw/car-damage-severity-dataset/data3a/validation/01-minor/0024.JPEG,0,0,1,0,0,0,0,0,0,0,0
/Users/dell/Documents/ClaimSight/ml/data/raw/car-damage-assessment/image/1179.jpeg,-1,1,0,0,0,0,0,0,0,0,1
/Users/dell/Documents/ClaimSight/ml/data/raw/car-damage-severity-dataset/data3a/training/03-severe/0340.JPEG,2,0,1,0,0,0,0,0,0,0,0
/Users/dell/Documents/ClaimSight/ml/data/raw/car-damage-severity-dataset/data3a/validation/03-severe/0004.JPEG,2,0,1,0,0,0,0,0,0,0,0
/Users/dell/Documents/ClaimSight/ml/data/raw/car-damage-severity-dataset/data3a/training/03-severe/0293.JPEG,2,0,1,0,0,0,0,0,0,0,0
/Users/dell/Documents/ClaimSight/ml/data/raw/car-damage-assessment/image/211.jpeg,-1,1,0,0,0,0,0,0,0,0,1
/Users/dell/Documents/ClaimSight/ml/data/raw/car-damage-severity-dataset/data3a/training/01-minor/0217.JPEG,0,0,1,0,0,0,0,0,0,0,0
/Users/dell/Documents/ClaimSight/ml/data/raw/car-damage-severity-dataset/data3a/training/01-minor/images - 2022-12-12T151419.050.jpeg,0,0,1,0,0,0,0,0,0,0,0
/Users/dell/Documents/ClaimSight/ml/data/raw/car-damage-severity-dataset/data3a/validation/03-severe/0026.JPEG,2,0,1,0,0,0,0,0,0,0,0
/Users/dell/Documents/ClaimSight/ml/data/raw/car-damage-severity-dataset/data3a/training/02-moderate/0078.JPEG,1,0,1,0,0,0,0,0,0,0,0
/Users/dell/Documents/ClaimSight/ml/data/raw/car-damage-assessment/image/768.jpeg,-1,1,0,0,0,0,0,0,0,0,1
/Users/dell/Documents/ClaimSight/ml/data/raw/car-damage-assessment/image/222.jpeg,-1,1,0,0,0,0,0,0,0,0,1
/Users/dell/Documents/ClaimSight/ml/data/raw/car-damage-severity-dataset/data3a/training/01-minor/0099.JPEG,0,0,1,0,0,0,0,0,0,0,0
/Users/dell/Documents/ClaimSight/ml/data/raw/car-damage-severity-dataset/data3a/training/01-minor/download (10).jpeg,0,0,1,0,0,0,0,0,0,0,0
/Users/dell/Documents/ClaimSight/ml/data/raw/car-damage-severity-dataset/data3a/training/03-severe/0061.JPEG,2,0,1,0,0,0,0,0,0,0,0
/Users/dell/Documents/ClaimSight/ml/data/raw/car-damage-assessment/image/4.jpeg,-1,1,0,0,0,0,0,0,0,0,1
/Users/dell/Documents/ClaimSight/ml/data/raw/car-damage-severity-dataset/data3a/training/02-moderate/0062.JPEG,1,0,1,0,0,0,0,0,0,0,0
/Users/dell/Documents/ClaimSight/ml/data/raw/car-damage-severity-dataset/data3a/training/01-minor/0062.JPEG,0,0,1,0,0,0,0,0,0,0,0
/Users/dell/Documents/ClaimSight/ml/data/raw/car-damage-assessment/image/474.jpeg,-1,1,0,0,0,0,0,0,0,0,1
/Users/dell/Documents/ClaimSight/ml/data/raw/car-damage-assessment/image/1324.jpeg,-1,1,0,0,0,0,0,0,0,0,1
/Users/dell/Documents/ClaimSight/ml/data/raw/car-damage-severity-dataset/data3a/training/03-severe/0006.JPEG,2,0,1,0,0,0,0,0,0,0,0
/Users/dell/Documents/ClaimSight/ml/data/raw/car-damage-severity-dataset/data3a/validation/02-moderate/0048.JPEG,1,0,1,0,0,0,0,0,0,0,0
/Users/dell/Documents/ClaimSight/ml/data/raw/car-damage-assessment/image/360.jpeg,-1,1,0,0,0,0,0,0,0,0,1
/Users/dell/Documents/ClaimSight/ml/data/raw/car-damage-severity-dataset/data3a/training/03-severe/0012.JPEG,2,0,1,0,0,0,0,0,0,0,0
/Users/dell/Documents/ClaimSight/ml/data/raw/car-damage-assessment/image/150.jpeg,-1,1,0,0,0,0,0,0,0,0,1
/Users/dell/Documents/ClaimSight/ml/data/raw/car-damage-severity-dataset/data3a/training/01-minor/0047.JPEG,0,0,1,0,0,0,0,0,0,0,0
/Users/dell/Documents/ClaimSight/ml/data/raw/car-damage-severity-dataset/data3a/training/02-moderate/0258.JPEG,1,0,1,0,0,0,0,0,0,0,0
/Users/dell/Documents/ClaimSight/ml/data/raw/car-damage-severity-dataset/data3a/training/01-minor/images - 2022-12-12T151413.771.jpeg,0,0,1,0,0,0,0,0,0,0,0
/Users/dell/Documents/ClaimSight/ml/data/raw/car-damage-severity-dataset/data3a/training/03-severe/0239.JPEG,2,0,1,0,0,0,0,0,0,0,0
/Users/dell/Documents/ClaimSight/ml/data/raw/car-damage-assessment/image/1350.jpeg,-1,1,0,0,0,0,0,0,0,0,1
/Users/dell/Documents/ClaimSight/ml/data/raw/car-damage-assessment/image/658.jpeg,-1,1,0,0,0,0,0,0,0,0,1
/Users/dell/Documents/ClaimSight/ml/data/raw/car-damage-assessment/image/428.jpeg,-1,1,0,0,0,0,0,0,0,0,1
/Users/dell/Documents/ClaimSight/ml/data/raw/car-damage-assessment/image/1315.jpeg,-1,1,0,0,0,0,0,0,0,0,1
/Users/dell/Documents/ClaimSight/ml/data/raw/car-damage-assessment/image/1365.jpeg,-1,1,0,0,0,0,0,0,0,0,1
/Users/dell/Documents/ClaimSight/ml/data/raw/car-damage-severity-dataset/data3a/training/03-severe/0173.JPEG,2,0,1,0,0,0,0,0,0,0,0
/Users/dell/Documents/ClaimSight/ml/data/raw/car-damage-assessment/image/1425.jpeg,-1,1,0,0,0,0,0,0,0,0,1
/Users/dell/Documents/ClaimSight/ml/data/raw/car-damage-severity-dataset/data3a/training/01-minor/download (6).jpeg,0,0,1,0,0,0,0,0,0,0,0
/Users/dell/Documents/ClaimSight/ml/data/raw/car-damage-assessment/image/373.jpeg,-1,1,0,0,0,0,1,0,0,0,0
/Users/dell/Documents/ClaimSight/ml/data/raw/car-damage-severity-dataset/data3a/training/02-moderate/0297.JPEG,1,0,1,0,0,0,0,0,0,0,0
